FIPS,Walkability_Index,Obesity_Rate,Fast_Food_Per_1000,Log_Fast_Food
1001,5.23437500003125,38.3,0.801496148,0.5886175129855733
1003,6.45035460997872,38.3,0.750151575,0.5597023984703363
1005,5.18840579717391,38.3,0.976046205,0.6810979821494617
1007,5.03333333333333,38.3,0.316226959,0.27476927927959494
1009,4.66666666665714,38.3,0.414658159,0.3468879181635642
1011,3.97619047628571,38.3,0.300721735,0.26291929118089513
1013,4.95614035073684,38.3,1.076702237,0.7307811725559883
1015,5.67032967031868,38.3,0.916549921,0.6505266535034037
1017,5.62121212124242,38.3,0.973680198,0.6798999207945248
1019,4.19298245615789,38.3,0.684566796,0.5215084363878862
1021,4.96111111103333,38.3,0.608149171,0.47508393448891245
1023,3.94444444453333,38.3,0.644226134,0.4972698382695942
1025,4.98611111104167,38.3,1.159246087,0.7697591269733046
1027,3.97435897430769,38.3,0.381330073,0.32304685600636396
1029,4.60606060609091,38.3,0.534509242,0.4282106178682493
1031,5.68686868687879,38.3,0.920533538,0.6526030318119785
1033,6.74275362321739,38.3,0.992582679,0.6894316259279849
1035,4.4444444445,38.3,0.67504853,0.5158421379916449
1039,5.27631578955263,38.3,0.866504192,0.6240672652847932
1041,4.7833333334,38.3,0.51165849,0.4132073858435675
1043,5.3306451611129,38.3,0.816423118,0.596869247533492
1045,5.41860465111628,38.3,0.612757623,0.47794552312808053
1047,6.08974358969231,38.3,0.692559123,0.5262416575427695
1049,5.06603773579245,38.3,0.544251859,0.43453955941377176
1051,5.21739130441304,38.3,0.632926822,0.49037400098179074
1053,5.83333333336667,38.3,0.88200438,0.6323373684718506
1055,6.23895582319277,38.3,0.830313265,0.6044871352632907
1057,4.13888888905556,38.3,0.554153085,0.44093075738964543
1059,4.83333333330769,38.3,0.507823646,0.41066731712374954
1061,4.88194444433333,38.3,0.567945182,0.4497659608579013
1065,4.56410256415385,38.3,0.408997953,0.34287878011208117
1067,4.1770833333125,38.3,0.638680816,0.49389153766072735
1069,6.67857142861429,38.3,1.135297418,0.7586059428332292
1071,4.803030303,38.3,0.63975805,0.4945487004646093
1073,9.84781209782239,38.3,1.040678024,0.7132821173410938
1075,4.8750000000625,38.3,0.508573115,0.41116424711990457
1077,6.31735159826027,38.3,0.82469368,0.6014121263712995
1079,3.75806451616129,38.3,0.517393529,0.41699407938130895
1081,6.38961038961039,38.3,0.911101639,0.647679850133696
1083,5.13565891472093,38.3,0.479320735,0.39158301958250513
1087,4.63333333335,38.3,0.72645992,0.5460730229824436
1089,8.44502617802094,38.3,0.956640244,0.6712288411624884
1091,5.25694444425,38.3,1.067634702,0.7264052979094847
1093,4.89880952371429,38.3,0.908999085,0.6465790654349572
1095,5.74615384610769,38.3,0.96917206,0.6776131802983053
1097,7.11710037179182,38.3,0.780197501,0.576724313766852
1099,4.30158730157143,38.3,0.537660658,0.4302622082476518
1101,11.7060301508291,38.3,1.112896681,0.7480598406092779
1103,6.20222222218667,38.3,0.78409785,0.5789128813083937
1107,4.54385964915789,38.3,0.353660375,0.30281231215526694
1109,5.36231884052174,38.3,1.061699986,0.7235308784038728
1111,4.75925925927778,38.3,0.436300188,0.3620704933475064
1113,6.30555555572222,38.3,0.910074353,0.6471421695731042
1115,5.52136752133333,38.3,0.694299042,0.5272691107565144
1117,6.36011904765179,38.3,0.803873062,0.589936054419706
1119,4.15476190471429,38.3,0.654396713,0.5034364185069818
1121,5.48765432096296,38.3,0.66262424,0.5083972215827306
1123,5.09259259261111,38.3,0.647845924,0.4994689343981167
1125,6.81304347818261,38.3,0.849315345,0.6148154868085457
1127,5.25574712655172,38.3,0.744342208,0.5563775264216119
1131,4.52777777791667,38.3,0.391926318,0.33068862803999083
1133,5.043478261,38.3,0.510464549,0.4124172518571558
2020,10.9228971961262,32.1,0.74191469,0.5549849047856568
2050,4.38888888908333,32.1,0.325432569,0.2817388733291859
2068,6.0,32.1,1.441614628,0.892659553243396
2090,6.41666666653226,32.1,0.449550986,0.3712538436488436
2100,6.16666666666667,32.1,1.530221939,0.9283070218168993
2110,10.5434782606957,32.1,0.879148483,0.6308187396615418
2122,5.3166666667,32.1,0.757397234,0.5638338701623549
2130,7.15384615376923,32.1,0.872917712,0.6274974887007849
2150,6.2499999999,32.1,0.538793087,0.4309983994242534
2170,5.41156462573469,32.1,0.426446974,0.35518671888097364
2185,5.222222222,32.1,0.430385202,0.35794378002565724
2195,8.20833333325,32.1,1.516990304,0.9230638639407531
2198,5.5666666669,32.1,0.488042951,0.39746180091367117
2220,12.1515151524545,32.1,0.356930405,0.30522509361272987
2240,5.888888889,32.1,0.57496047,0.4542301735499275
4001,4.1545454546,33.2,0.194782615,0.17796425670156366
4003,6.16013071902941,33.2,0.502157688,0.4069025331842294
4005,8.21088435360204,33.2,0.933457792,0.6593100019846853
4007,5.45555555544444,33.2,0.515625298,0.41582809176224833
4009,5.70114942531035,33.2,0.510060966,0.4121500248462283
4012,4.65909090945455,33.2,0.884543777,0.6336857634897319
4013,11.3237524948966,33.2,0.739012897,0.55331765167587
4015,7.39689265520339,33.2,0.603114069,0.4719480307962459
4017,5.32051282046154,33.2,0.651134551,0.5014626582860034
4019,10.7129629630413,33.2,0.677550852,0.5173349035622081
4021,5.94807370182412,33.2,0.307802379,0.26834815522887107
4023,5.72727272748485,33.2,0.320458055,0.27797868776739765
4025,7.12865497075439,33.2,0.582784534,0.4591856591900104
4027,10.0129107979648,33.2,0.619766414,0.4822819499591866
5001,6.16666666647619,37.4,0.690329611,0.5249235460125902
5003,5.15873015866667,37.4,0.775634706,0.5741579398556557
5005,6.03333333346667,37.4,0.6628474,0.5085314341242846
5007,6.62198067631159,37.4,0.696046054,0.5282996914821672
5009,6.4347826083913,37.4,0.637873769,0.49339891835872307
5011,5.24999999991667,37.4,0.469968975,0.3852412951257451
5015,5.10185185183333,37.4,0.495119542,0.4022061648499365
5017,5.93055555575,37.4,0.604594946,0.4728713546378303
5019,6.31578947384211,37.4,0.814369082,0.5957377940621922
5021,5.16666666657895,37.4,0.347826093,0.29849299303986754
5023,5.74242424227273,37.4,0.92239821,0.6535734743119317
5027,5.863636364,37.4,0.900090039,0.6419012739969425
5029,4.65476190478571,37.4,0.285211772,0.25092350788148243
5031,6.93611111136667,37.4,0.810726523,0.5937281586633965
5033,5.96078431397059,37.4,0.504660249,0.40856712454312727
5035,8.86111111147619,37.4,0.77704972,0.5749545285222254
5037,5.87254901941176,37.4,0.929252863,0.6571328103508459
5039,5.40740740733333,37.4,0.441046745,0.365369755769522
5041,6.08333333371429,37.4,0.900090039,0.6419012739969425
5043,5.08333333344444,37.4,0.778772891,0.575923739488802
5045,6.625,37.4,0.756387949,0.5632593984885372
5047,5.32051282069231,37.4,0.335251719,0.28911982763627736
5049,4.04166666658333,37.4,0.242306754,0.21696993691272592
5051,7.32380952382857,37.4,0.861818433,0.6215536622850368
5053,4.35897435892308,37.4,0.271017402,0.2398176836950201
5055,5.78846153846154,37.4,0.592144191,0.46508165555695485
5057,5.8083333335,37.4,0.799887061,0.58772391904475
5059,5.736111111375,37.4,0.503152072,0.40756428462797273
5061,5.72222222216667,37.4,0.839118183,0.6092862083751248
5063,5.47619047607143,37.4,0.874010146,0.6280805978890877
5065,5.3333333334,37.4,0.293836772,0.2576120459273681
5067,5.87254902005882,37.4,0.420774221,0.3512019490877858
5069,6.81690140838028,37.4,0.887162149,0.6350741922124367
5071,5.36111111122222,37.4,0.64119488,0.4954245619124926
5073,5.1041666665,37.4,0.45482111,0.37488294461106686
5075,5.64814814816667,37.4,0.304692268,0.26596720300543025
5077,4.51515151509091,37.4,0.35240221,0.3018824259821723
5079,4.111111111,37.4,0.463535219,0.3808548917731282
5081,4.20512820507692,37.4,0.656814456,0.5048967563146732
5083,4.99999999994118,37.4,0.513778627,0.41460892701931285
5085,5.51315789471053,37.4,0.527590275,0.4236915101536207
5087,4.24358974369231,37.4,0.300408542,0.2626784781741166
5089,4.54761904771429,37.4,0.416914821,0.3484818466928401
5091,6.34210526310526,37.4,0.602172434,0.4713604795578729
5093,6.24418604648837,37.4,0.823641002,0.6008350532017755
5095,5.44444444455556,37.4,1.518833518,0.9237959046742911
5097,4.3958333335,37.4,0.333111256,0.28751550057945685
5099,4.270833333375,37.4,0.370416105,0.3151144200019175
5103,5.80128205142308,37.4,0.64747268,0.4992424045559685
5105,4.44444444455556,37.4,0.290500641,0.255030236883111
5107,6.27083333333333,37.4,0.404647678,0.3397865083500897
5109,5.49999999988889,37.4,0.375833869,0.3190599974837546
5111,5.4782608696087,37.4,0.687196672,0.5230683776816678
5113,5.333333333375,37.4,0.405947119,0.3407111817281052
5115,6.39393939412121,37.4,0.854913414,0.6178380178810404
5119,10.5269186714536,37.4,0.966970325,0.6764944528670913
5121,4.63541666675,37.4,0.493231773,0.4009427462942712
5123,5.06790123459259,37.4,0.445668906,0.3685721251809223
5125,5.78688524590164,37.4,0.556595266,0.44250091429478977
5127,4.25925925933333,37.4,0.491932303,0.40007212742777193
5129,4.1999999999,37.4,0.51007396,0.4121586297597958
5131,7.54838709663441,37.4,0.830786109,0.6047454423750764
5133,5.53030303,37.4,0.41911149,0.3500309645065718
5135,5.20370370377778,37.4,0.401744723,0.33771769143456953
5137,4.9999999996,37.4,0.710115194,0.5365607331579354
5139,6.34146341458537,37.4,0.811114907,0.5939426263638714
5141,4.56410256423077,37.4,0.483646691,0.3945030375589521
5143,8.00150150168468,37.4,0.744194448,0.5562928146844803
5145,5.97101449286956,37.4,0.736704409,0.5519892994905742
5147,4.979166666625,37.4,0.638569593,0.49382366185866033
5149,4.81372549017647,37.4,0.519333363,0.41827166168149055
6001,14.1388092963658,28.1,0.827155709,0.6027605003652745
6003,4.8333333335,28.1,2.680965185,1.3031749963244468
6005,6.53571428546429,28.1,0.573809326,0.4534990028859134
6007,7.05897435887179,28.1,0.737976134,0.552721294873198
6009,6.38333333343333,28.1,0.60464716,0.4729038944078321
6011,6.65000000075,28.1,0.417478442,0.34887954803851173
6013,11.4921507065212,28.1,0.678623259,0.5179739687602759
6015,8.69166666685,28.1,0.321796328,0.27899166602039754
6017,8.37066666692,28.1,0.673837006,0.5151185993458298
6019,11.1188455006689,28.1,0.731328666,0.5488891287659639
6021,6.39855072482609,28.1,0.671781659,0.5138899194128335
6023,10.5540123458704,28.1,0.622328222,0.4838622915721216
6025,8.56944444448958,28.1,0.610205948,0.4763620888279827
6027,6.906250000125,28.1,0.997450948,0.6918718416609022
6029,10.323099415386,28.1,0.726678073,0.5461993735660186
6031,10.8251028808642,28.1,0.674560547,0.5155507708546241
6033,9.44097222229167,28.1,0.542812407,0.4336069891915212
6035,7.74,28.1,0.533049047,0.4272585935070343
6037,13.5723476005516,28.1,0.879006267,0.630743055710492
6039,8.916666666775,28.1,0.507096171,0.4101847337993001
6041,11.8999999996343,28.1,0.773320079,0.5728535404093906
6043,4.83333333341176,28.1,0.349650353,0.2998455611268436
6045,9.01687763731646,28.1,0.720419228,0.5425679983355762
6047,10.9525462962986,28.1,0.529987276,0.42525941902989384
6051,9.80392156847059,28.1,1.65130043,0.9750502479322615
6053,11.8791130190343,28.1,0.666038513,0.5104486605242748
6055,8.12735849066038,28.1,0.566322207,0.4487303280010786
6057,7.78666666654667,28.1,0.622452438,0.48393885514487206
6059,13.1737063448634,28.1,0.970046937,0.67805736835439
6061,10.2308294209577,28.1,0.878520906,0.6304847150623196
6063,7.97727272713636,28.1,0.579954684,0.45739616561490914
6065,10.729288026032,28.1,0.69621098,0.5283969282177547
6067,12.5303362573607,28.1,0.772217631,0.5722316612329712
6069,10.4208333331,28.1,0.515182257,0.41553573337583427
6071,10.9180402930833,28.1,0.773347855,0.5728692035616888
6073,12.1866295264981,28.1,0.853432059,0.6170390874202298
6075,15.9572576018812,28.1,1.152773023,0.7667567892297844
6077,11.0569620251924,28.1,0.658882499,0.5061441822985527
6079,10.7443762782577,28.1,0.9247154,0.6547781126538789
6081,10.0694744421749,28.1,0.767498195,0.569565097571662
6083,10.4957401491949,28.1,0.847636759,0.6139073949165599
6085,13.55488372092,28.1,0.798068285,0.5867129136375033
6087,11.9770408163112,28.1,0.696489751,0.5285612639624787
6089,8.93765903314504,28.1,0.714975953,0.5393990589452561
6093,8.58108108086486,28.1,0.71684587,0.5404888108505099
6095,12.2239766081333,28.1,0.660051227,0.5068484615308573
6097,10.8634797590207,28.1,0.645136237,0.4978231996330288
6099,12.0227272730455,28.1,0.707168579,0.53483619640535
6101,10.7956989250484,28.1,0.66400373,0.509226583983043
6103,8.41472868186047,28.1,0.511675477,0.41321862310692353
6105,5.87179487176923,28.1,0.491159141,0.3995537644933285
6107,7.35617283958889,28.1,0.614491761,0.47902020807526846
6109,6.30208333335417,28.1,0.476932943,0.389967601706137
6111,11.6914728683605,28.1,0.772533894,0.5724101013851843
6113,12.9289617487705,28.1,0.709968686,0.5364750580661948
6115,9.61564625828571,28.1,0.399201602,0.3359017896615655
8001,12.0384615386,25.0,0.673228383,0.5147549237458799
8003,7.70000000073333,25.0,0.988875151,0.6875692281681985
8005,12.3986928104951,25.0,0.765074849,0.5681930968515323
8007,5.8333333334,25.0,0.563539028,0.4469518595485704
8013,12.34999999992,25.0,0.886386633,0.634663164791979
8014,9.40942028947826,25.0,1.010576487,0.6984214904017522
8015,7.36666666693333,25.0,1.113208413,0.7482073674661031
8019,6.33333333266667,25.0,0.938869178,0.6621049051860434
8029,6.15277777758333,25.0,0.611581445,0.4772159608659459
8031,14.4622314623077,25.0,0.895942807,0.6397162382934666
8035,8.72795698935484,25.0,0.620928645,0.4829992226606714
8037,8.85057471241379,25.0,0.928471327,0.6567276305234658
8039,4.53333333326667,25.0,0.183063015,0.1681068506951051
8041,11.1136986302082,25.0,0.685147822,0.5218532881463435
8043,6.52777777802778,25.0,0.355150729,0.30391268725944387
8045,9.13425925927778,25.0,0.844846427,0.612396036629692
8049,8.12962962966667,25.0,1.07635808,0.7306154359788533
8051,8.69999999995,25.0,0.909452617,0.6468166130262467
8055,5.16666666671429,25.0,0.581141949,0.4581473385106902
8059,10.9971544713951,25.0,0.730348706,0.5483229523602109
8063,6.52083333325,25.0,0.983008027,0.6846148974366775
8065,7.708333333375,25.0,0.500813842,0.4060075223083143
8067,6.68181818157576,25.0,0.990028977,0.6881491999369189
8069,10.3923611108958,25.0,0.793501079,0.5841696196069693
8071,6.68627450947059,25.0,1.248266339,0.8101594032163036
8073,6.3,25.0,0.704225361,0.5331106737703017
8075,7.3437500003125,25.0,0.591608286,0.4647450056390151
8077,7.68939393973864,25.0,0.687647402,0.5233354892831503
8081,6.57777777793333,25.0,0.760803401,0.5657701827366548
8083,6.65909090895455,25.0,0.643744349,0.4969767790673057
8085,6.29292929290909,25.0,0.69248879,0.5262001024441015
8087,6.46000000008,25.0,0.760167241,0.5654088278310876
8089,8.483333333,25.0,0.769188523,0.5705209798781739
8091,6.375,25.0,1.199760079,0.7883482994173413
8093,5.0,25.0,0.26378265,0.23410932682493799
8095,7.25000000066667,25.0,0.686970472,0.5229343001504222
8097,9.65384615415385,25.0,1.341231704,0.8506771601166893
8099,8.36904761864286,25.0,1.073847651,0.7294056505036739
8101,7.23507462687313,25.0,0.61240232,0.47772519110875933
8103,6.69047619057143,25.0,0.630715847,0.48901908835042873
8105,6.3999999999,25.0,0.354107648,0.30314267502259434
8107,7.0,25.0,0.899843514,0.6417715217279054
8111,7.0,25.0,6.684492111,2.0392042864526916
8113,7.444444444,25.0,1.480567575,0.9084873948793297
8117,7.11363636368182,25.0,1.632333279,0.9678706312065843
8119,6.31111111093333,25.0,0.626738191,0.48657690010734855
8123,7.32380952386286,25.0,0.541943729,0.4330437822573817
8125,5.74074074066667,25.0,0.298596591,0.26128413595404315
9001,10.3442915392569,30.6,0.780963182,0.577154331438031
9003,10.7001499249925,30.6,0.757962525,0.5641554821984631
9005,7.50233100248252,30.6,0.651411414,0.5016303246885807
9007,8.89635854342857,30.6,0.729940534,0.5480870345085038
9009,11.2255838640732,30.6,0.791128099,0.5828456442506347
9011,9.21453900689894,30.6,0.769814253,0.5708745992710513
9013,6.71598639459184,30.6,0.478087664,0.390749133351662
9015,6.75568181821591,30.6,0.592071414,0.4650359444563005
10001,8.38497652559155,37.9,0.62076962,0.4829011105064068
10003,11.7959927143224,37.9,0.854805887,0.6177800474572399
10005,8.24185463638346,37.9,0.765617549,0.5685005153083661
11001,14.4714814815267,24.3,1.160187244,0.7701949049760066
12001,10.2763440857613,31.6,0.796407342,0.5857887492861088
12003,5.68055555525,31.6,0.541162133,0.43253676365229465
12005,10.2993827160833,31.6,0.904729128,0.6443398084424574
12007,5.40740740755556,31.6,0.559577525,0.4444149672761242
12009,10.1169312168159,31.6,0.619598031,0.4821779894428504
12011,12.4653518122303,31.6,0.72161603,0.5432634020479281
12013,4.9166666669,31.6,0.497229725,0.4036165505780112
12015,7.30218068517757,31.6,0.400593698,0.3368962167289433
12017,6.93295019150575,31.6,0.450950921,0.372219149070866
12019,7.10905349806173,31.6,0.60873878,0.4754505055449041
12021,7.26215277775521,31.6,0.572558403,0.4527038491253531
12023,6.491666666575,31.6,0.715721071,0.5398334418164357
12027,6.01282051288462,31.6,0.311526477,0.2711917084549784
12031,11.4301295160266,31.6,0.869944811,0.6259089175967584
12033,10.1947368421789,31.6,0.663845837,0.5091316920734541
12035,6.68300653598039,31.6,0.481211632,0.3928604231185727
12039,4.619791666625,31.6,0.530070484,0.4253138023171038
12051,6.38194444454167,31.6,0.490505219,0.39911513563941936
12053,8.48742138373585,31.6,0.523159862,0.4207870336048262
12057,10.5944189603417,31.6,0.61884284,0.4817115977168493
12061,7.39560439563736,31.6,0.541478455,0.4327419916002699
12063,5.18803418797436,31.6,0.650971055,0.5013636329853974
12065,5.4333333333,31.6,0.481331229,0.3929411625412082
12069,7.26689189182432,31.6,0.476707906,0.3898152223127442
12071,9.44010416666211,31.6,0.541246653,0.4325916038801093
12073,9.94915254238983,31.6,1.011981368,0.6991199917572389
12079,5.1770833335625,31.6,0.588015199,0.4624849339378309
12081,11.2536231882029,31.6,0.481495261,0.3930518892413516
12083,7.42292870909249,31.6,0.527424753,0.4235831493117624
12085,7.05615942034783,31.6,0.703321636,0.5325802482049409
12086,13.9256572029716,31.6,0.653417826,0.5028445551984231
12087,7.34848484845455,31.6,0.906630576,0.6453375878731186
12089,6.49145299138462,31.6,0.669498324,0.512523176507687
12091,7.83478260866957,31.6,0.883375645,0.6330657226095562
12093,6.04320987651852,31.6,0.378277421,0.3208344738094234
12095,11.7067736185989,31.6,0.854459882,0.617593484928399
12097,10.1776315789211,31.6,0.713701785,0.538655817290006
12099,10.8930602957463,31.6,0.659326077,0.5064115422263467
12101,9.08034744852769,31.6,0.473342061,0.3875333311596078
12103,12.8905887808275,31.6,0.740170479,0.5539830848638416
12105,8.15101010088788,31.6,0.525148034,0.422091476823654
12109,8.4145833333125,31.6,0.627881527,0.48727949281930777
12111,7.26258992802158,31.6,0.507138491,0.4102128138957413
12113,6.39826839818182,31.6,0.586869955,0.461763494267341
12115,11.7729083665817,31.6,0.469033629,0.3846047893735516
12117,9.66028368771064,31.6,0.784527123,0.5791534630480376
12119,5.75,31.6,0.273345888,0.24164799358763162
12127,10.7575231481944,31.6,0.605524182,0.473450296408464
12129,5.3095238095,31.6,0.349660546,0.29985311342473103
13013,5.96078431361765,37.0,0.490722984,0.3992612264352653
13021,7.21693121690476,37.0,1.185043573,0.7816357702251471
13023,6.166666666625,37.0,0.69471246,0.5275130863239071
13029,6.24358974361538,37.0,0.736105978,0.5516446616098749
13031,6.3968253972619,37.0,0.779326797,0.5762350888342646
13035,6.03571428528571,37.0,0.707936764,0.5352860712617907
13039,6.09722222229167,37.0,0.794395924,0.584668432709913
13045,6.12893081756604,37.0,0.830366731,0.6045163462295933
13047,6.08333333338235,37.0,0.779457629,0.576308615063672
13049,4.888888889,37.0,0.446760982,0.3693272522499822
13051,11.5927750409212,37.0,1.074403286,0.7296735393135658
13053,5.2666666667,37.0,0.568666458,0.4502258686153778
13055,5.09848484827273,37.0,0.523286223,0.4208699899392217
13057,6.95098039217647,37.0,0.64838618,0.4997967365599743
13059,7.31944444447222,37.0,0.970304012,0.6781878516558483
13063,9.154666666552,37.0,0.731258929,0.5488488484853379
13067,8.92714285705429,37.0,0.965994895,0.6759984250786737
13069,5.84567901251852,37.0,0.786709249,0.5803755195261124
13073,6.91515151516364,37.0,0.68588388,0.5222899841354441
13077,6.07017543873684,37.0,0.662914574,0.5085718302804343
13079,4.125000000125,37.0,0.245278388,0.21935910974011652
13081,6.4333333331,37.0,1.043841362,0.7148310577835378
13083,5.3541666665,37.0,0.747337639,0.558093280365895
13089,11.2442159383496,37.0,0.864819169,0.6231640880731072
13095,8.13526570018841,37.0,1.133249283,0.7576463023276215
13097,6.38484848496364,37.0,0.810876548,0.5938110087146828
13099,4.48717948723077,37.0,0.896682262,0.6401061819319317
13103,4.82575757563636,37.0,0.456169695,0.375809491746951
13105,5.23333333325,37.0,0.5689165,0.45038525372415505
13111,5.8703703705,37.0,0.829531312,0.6040598203894227
13113,6.6292517007551,37.0,0.975643456,0.680894145797954
13115,6.07738095241071,37.0,0.821467698,0.5996426035733049
13117,6.4753086420463,37.0,0.68966341,0.5245293434183907
13119,5.562500000125,37.0,0.850919008,0.6156822768263757
13121,11.572437077825,37.0,1.132353544,0.757226319947876
13123,5.000000000125,37.0,0.656701505,0.504828580394368
13127,7.66049382733333,37.0,1.005048633,0.6956683163247129
13135,8.75186368475399,37.0,0.972813189,0.679460538827331
13137,6.51282051276923,37.0,0.651508212,0.5016889382856332
13139,6.25555555555556,37.0,0.692188919,0.5260229092064783
13141,2.97619047628571,37.0,0.588650823,0.46288511702543333
13143,5.21568627447059,37.0,0.592436552,0.46526526591223566
13145,4.40625,37.0,0.277161866,0.2446403239119629
13151,6.45238095238095,37.0,0.790335357,0.5824029525841213
13153,6.95945945936487,37.0,0.95559305,0.670693497819536
13157,5.55747126431034,37.0,0.511817753,0.4133127367624087
13159,4.66666666657143,37.0,0.483325273,0.39428637356269103
13169,4.13636363627273,37.0,0.277903229,0.24522063243111236
13177,5.19230769246154,37.0,0.496130198,0.40288190651399275
13179,5.73655913970968,37.0,1.047552586,0.7166452194433671
13185,6.81400966182609,37.0,0.955457091,0.670623972247041
13191,4.81481481477778,37.0,0.834086299,0.6065464277981013
13193,4.94871794876923,37.0,0.550660789,0.438681155568399
13195,4.8125,37.0,0.459664434,0.37820656957702
13197,4.1999999998,37.0,0.352278054,0.3017906177180017
13205,5.36274509847059,37.0,0.648088157,0.49961592338180577
13207,5.08333333342857,37.0,0.570572734,0.45144035156345386
13211,5.59259259255556,37.0,0.967610538,0.6768198816880722
13213,4.0384615385,37.0,0.674460411,0.5154909706913611
13215,7.591999999968,37.0,1.186100721,0.7821194641732339
13217,6.068627451,37.0,0.644335568,0.497336392593312
13219,6.2976190475,37.0,0.778134406,0.5755647281603953
13223,5.93478260858696,37.0,0.484543622,0.39510739976805453
13225,5.95833333325,37.0,0.966010749,0.6760064891566204
13227,5.73529411758824,37.0,0.633924007,0.4909844880123698
13231,4.875,37.0,0.418388158,0.34952112689924164
13233,5.95833333334375,37.0,0.770308137,0.5711536201346233
13243,4.78571428585714,37.0,0.598623157,0.4691427319049385
13245,7.36309523822143,37.0,0.851152301,0.6158083105954938
13247,5.85869565219565,37.0,1.022663593,0.7044152532059471
13253,4.33333333333333,37.0,0.372208446,0.31642144633514546
13255,6.5857142856,37.0,0.801020563,0.5883534836744473
13273,5.9166666661,37.0,0.586647868,0.4616235316058724
13291,5.47619047614286,37.0,0.709835172,0.536396975225417
13293,5.5079365077619,37.0,0.753948808,0.5618697076631863
13295,5.231884058,37.0,0.356552005,0.30494619001559703
13297,5.86403508768421,37.0,0.547096789,0.43638013524464264
13313,5.82629107983099,37.0,0.847482085,0.6138236769055186
13317,4.87878787872727,37.0,0.515782952,0.415932105466204
15001,5.62578616349057,25.9,0.786859453,0.5804595833920202
15003,12.1586067934387,25.9,1.046869397,0.7163115024942217
15007,6.34591194967925,25.9,1.155168295,0.7678688156340556
15009,6.93434343448485,25.9,0.750437737,0.5598658920853437
16001,12.216962524503,33.2,0.768609941,0.570193893973736
16005,7.43220338988136,33.2,0.709499419,0.5362005902317034
16009,4.5666666666,33.2,0.636267245,0.49241757752944404
16011,3.25,33.2,0.466081947,0.3825935002650967
16027,9.79365079375,33.2,0.480905116,0.39265346571130577
16035,5.85416666625,33.2,0.452181786,0.37306710553581474
16049,3.6666666666,33.2,0.416097015,0.3479045063426701
16055,7.84090909083333,33.2,0.726727128,0.5462277832064448
16057,6.76881720425806,33.2,0.808229268,0.5923480614527145
16069,4.0666666666,33.2,0.760642886,0.5656790184893375
16083,7.43396226409434,33.2,0.848310709,0.6142720916625526
17001,7.23770491808197,33.4,0.52482903,0.4218822922990039
17007,6.42592592588889,33.4,0.56842941,0.45007474285421173
17019,11.3499999999267,33.4,0.874794424,0.6284990128780781
17023,5.8250000002,33.4,1.047943354,0.7168360476150517
17027,6.62365591419355,33.4,0.534787953,0.4283922301286847
17029,6.93137254894118,33.4,0.873310447,0.6277071582589485
17031,13.6418964076815,33.4,0.899715066,0.6417039096633225
17033,6.41666666675,33.4,0.756266177,0.5631900651606997
17037,7.30555555581667,33.4,0.880458593,0.6315156795419844
17043,10.5334954078784,33.4,0.958058,0.6719531657329239
17045,6.2916666665,33.4,0.771147251,0.5716275010246925
17055,5.93089430885366,33.4,0.709406197,0.5361460569918346
17063,6.70588235317647,33.4,0.960916221,0.6734118237110583
17073,5.99038461540385,33.4,0.495755106,0.40263116695424844
17077,6.89308176084906,33.4,0.670489609,0.5131167625020028
17081,5.48648648637838,33.4,0.832550049,0.6057084662747385
17083,5.39814814805556,33.4,0.647668421,0.49936121039415904
17085,6.17307692311539,33.4,0.47083196,0.3858281998798214
17089,10.7317518249124,33.4,0.66665411,0.51081808973761
17091,6.79166666672619,33.4,0.801149249,0.5884249328324664
17093,7.1068376068718,33.4,0.635343492,0.49185286913421766
17095,6.2356321837931,33.4,0.835830629,0.6074970379430058
17097,10.2443890275935,33.4,0.831900001,0.6053536801551578
17101,5.81481481477778,33.4,0.452576458,0.373338847257002
17103,5.99999999994737,33.4,0.624126971,0.4849704227965682
17109,5.62254901952941,33.4,0.853387952,0.6170152896637316
17111,8.3302845527561,33.4,0.768255055,0.5699932156885357
17113,10.7561728390833,33.4,0.811650395,0.5942382502639922
17115,7.01851851858586,33.4,0.708634675,0.5356946159225231
17119,7.38803418801026,33.4,0.753898025,0.5618407537194019
17129,5.32051282076923,33.4,0.41431886,0.34664804417424
17131,4.69298245610526,33.4,0.394088656,0.3322409085943831
17133,6.2666666668,33.4,0.5757218,0.45471345301105703
17143,10.9243498818794,33.4,0.782428563,0.5779767956448701
17145,5.37121212145455,33.4,0.580720067,0.4578804818291723
17161,7.41091954014655,33.4,0.844528675,0.6122237841522394
17163,10.8291457285226,33.4,0.759554505,0.5650606548501489
17167,10.52129629605,33.4,0.97481972,0.6804771131740618
17177,6.44897959169388,33.4,0.501927853,0.4067495182335486
17179,8.79651162805814,33.4,0.80289346,0.5893928520703927
17183,6.60353535359091,33.4,0.561084747,0.44538093025822617
17187,6.0984848485,33.4,0.419262111,0.35013709641259594
17195,6.59259259274603,33.4,0.622072577,0.4837047000682556
17197,9.16027280472123,33.4,0.746305525,0.5575024277907598
17199,6.49404761903571,33.4,0.798012495,0.5866818854134908
17201,7.1666666666374,33.4,0.782097101,0.5777908174630868
17203,5.84444444446667,33.4,0.525058389,0.42203269719526565
18001,5.7611111113,37.7,0.502246141,0.40696141541515435
18003,10.0393258426966,37.7,0.748324752,0.5586580448744921
18005,6.52824858774576,37.7,0.793397069,0.5841116252086131
18007,5.96969697009091,37.7,0.343210161,0.2950623915232781
18011,6.53603603597297,37.7,0.6200701,0.48246941991304204
18019,9.07432432464865,37.7,0.846846521,0.6134796013919122
18021,6.24691358018519,37.7,0.495313585,0.40233594069980944
18029,5.89215686279412,37.7,0.582048833,0.45872073675780706
18033,6.29047619054286,37.7,0.641172409,0.4954108699651742
18035,7.36633663378218,37.7,0.793273032,0.5840424596614305
18039,7.324000000136,37.7,0.727586687,0.5467254560084981
18043,8.45197740133898,37.7,0.861457407,0.621359733058922
18051,6.79885057455172,37.7,0.620842576,0.4829461226766487
18053,6.79938271624074,37.7,0.766577244,0.5690439140051293
18057,7.9380952382,37.7,0.795960963,0.5855402341204026
18059,6.60360360351351,37.7,0.502809465,0.40733633294112215
18061,4.30434782617391,37.7,0.442456126,0.3663473036862646
18063,6.74871794886154,37.7,0.77921629,0.5761729808325718
18067,6.9166666665,37.7,0.979064941,0.6826244811401365
18073,5.93333333352,37.7,0.717703342,0.5409881322839135
18081,7.51801801822973,37.7,0.765844584,0.5686290937791311
18089,8.15512465384488,37.7,0.93121326,0.658148437534741
18091,7.23694779119277,37.7,0.647438049,0.49922138365261204
18095,7.0733944956055,37.7,0.562919796,0.4465557359832487
18097,11.5643459914731,37.7,0.847665489,0.613922944388875
18099,5.64035087702632,37.7,0.824151993,0.6011152176760441
18105,10.1017543856737,37.7,0.742145061,0.5551171476384205
18109,6.07777777788889,37.7,0.523286223,0.4208699899392217
18111,5.25641025653846,37.7,0.431437403,0.3586791163428516
18121,4.91228070184211,37.7,0.23709324,0.2127644664791881
18127,7.10642570298795,37.7,0.731079638,0.5487452820681947
18129,5.77777777795833,37.7,0.395647883,0.3333587397161129
18141,7.80983847280617,37.7,0.747742057,0.5583247016993013
18145,5.938095238,37.7,0.579438865,0.4570696352244508
18153,6.1166666667,37.7,0.437360287,0.3628082973137799
18157,10.851307189598,37.7,0.724064946,0.5446848432256765
18159,5.24509803917647,37.7,0.525382519,0.422245210737403
18163,7.70780590705063,37.7,0.942739546,0.6640991140606946
18165,5.85964912289474,37.7,0.456650794,0.3761398238125154
18167,10.6507092200426,37.7,0.834834158,0.6069541003105597
18169,6.54545454527273,37.7,0.779625773,0.5764031023128501
18173,6.44961240332558,37.7,0.426749289,0.35539863209917866
18177,6.73397435894231,37.7,0.668916643,0.5121746991544303
18179,5.6346153845,37.7,0.568545222,0.4501485796005285
18183,5.19642857182143,37.7,0.610855758,0.4767655644941613
19013,7.84653465361386,37.4,0.764607847,0.5679284826961272
19015,7.09649122836842,37.4,0.266392648,0.2361724241350911
19017,6.7666666668,37.4,0.355576634,0.30422692395422773
19029,6.53333333366667,37.4,0.624171019,0.4849975434610752
19031,6.0916666668,37.4,0.378685415,0.3211304473333686
19035,6.09523809514286,37.4,0.893655062,0.6385088567416499
19037,5.41666666657143,37.4,0.338009119,0.2911827770789256
19041,6.84259259272222,37.4,1.001502275,0.6938980360973597
19043,5.73684210521053,37.4,0.635067284,0.4916839557960623
19045,9.2291666663125,37.4,0.668218672,0.5117563936652639
19047,6.38235294082353,37.4,0.534632266,0.4282907862148343
19049,7.6356589144186,37.4,0.721924841,0.5434427587115463
19057,11.9263565891395,37.4,0.981709182,0.6839596955758654
19059,7.2999999996,37.4,1.082682729,0.733656836227499
19061,7.4229166668,37.4,0.748027444,0.5584879773389293
19063,6.83333333336364,37.4,0.549752593,0.43809530077158443
19065,6.05303030313636,37.4,0.519264698,0.418226466496979
19067,5.95098039217647,37.4,0.322997421,0.27989993577339783
19069,5.60606060590909,37.4,0.401163369,0.3373028694074072
19073,5.70370370411111,37.4,0.454803854,0.37487108328858465
19081,5.16666666661538,37.4,0.571047902,0.4517428502153779
19083,6.1333333334,37.4,0.42232278,0.3522912957773935
19085,5.63095238092857,37.4,0.717978179,0.541148122084427
19093,6.21428571428571,37.4,0.585394382,0.4608331978294249
19099,7.0047619048,37.4,0.484548301,0.39511055157346936
19101,7.076923077,37.4,0.545048237,0.43505513122155565
19103,9.33564814793056,37.4,0.741511643,0.5547534964174187
19105,6.45370370372222,37.4,0.291021973,0.2554341318590913
19107,4.97435897430769,37.4,0.396628648,0.3340612238930518
19111,7.43137254864706,37.4,0.597371578,0.46835951467978265
19113,11.5875912409635,37.4,0.737314224,0.5523403713014567
19121,6.19444444458333,37.4,0.242116094,0.21681645257286988
19125,6.67261904767857,37.4,0.633140385,0.4905047778377273
19129,5.47435897407692,37.4,0.27089259,0.23971948037508106
19131,5.90277777783333,37.4,0.281769514,0.2482415560635384
19135,5.833333333375,37.4,0.386100382,0.32649432383052385
19139,9.33333333367647,37.4,0.896353245,0.639932697133164
19141,6.6041666664375,37.4,0.584838092,0.4604822519538325
19145,6.68421052621053,37.4,0.331718981,0.28647057463456865
19151,5.87037037011111,37.4,0.454063863,0.37436230043012864
19153,11.8123620308411,37.4,0.75665462,0.5634112161766378
19155,7.22043010746237,37.4,0.760757744,0.5657442527595096
19157,5.77450980405882,37.4,0.544040024,0.43440237354640066
19161,5.9166666666875,37.4,0.41653651,0.3482148147533048
19163,7.99462365592742,37.4,0.860197663,0.6206827525089152
19167,6.71794871780769,37.4,0.599263787,0.46954339022700453
19169,7.39682539674603,37.4,0.773639262,0.5730335159716544
19171,5.29166666655,37.4,0.357121587,0.3053659766915211
19175,6.51111111133333,37.4,0.575799942,0.4547630430227486
19181,6.448275862,37.4,0.497464836,0.40377356892876054
19187,10.3245614036579,37.4,0.584404767,0.4602087954710201
19189,6.60714285735714,37.4,0.291913986,0.25612482884083726
19193,11.9552469137315,37.4,0.862921536,0.6221459737169387
19197,6.26923076923077,37.4,0.644329906,0.49733294925129695
20005,6.1041666669375,35.7,0.37464878,0.31819826576276644
20013,6.68181818218182,35.7,0.421851933,0.35196020008052986
20015,6.37301587302381,35.7,0.73143059,0.5489479974267597
20027,6.00000000033333,35.7,0.747663558,0.5582797861680815
20035,6.66161616157576,35.7,0.664202392,0.5093459648104038
20041,6.33333333315789,35.7,0.547465265,0.43661827944424925
20045,8.55128205147692,35.7,0.889578044,0.636353547003108
20051,8.39333333336,35.7,1.220745683,0.797843032727925
20061,7.01333333324,35.7,0.682848096,0.5204876532623359
20079,7.05555555559259,35.7,0.699892104,0.5305647808126825
20085,5.56060606090909,35.7,0.531470656,0.42622848680677283
20091,10.622641509566,35.7,0.726260662,0.5459576021162084
20103,6.75000000008333,35.7,0.413393974,0.34599388578739043
20111,7.49479166690625,35.7,0.938114703,0.6617156979916459
20113,6.95402298827586,35.7,0.808492661,0.5924937143426166
20115,5.70238095235714,35.7,0.429110885,0.357052492158433
20117,6.30303030372727,35.7,0.621632814,0.4834335515207244
20121,6.31111111126667,35.7,0.466010362,0.38254467165230405
20123,7.833333334,35.7,0.510290861,0.4123022554561784
20147,5.97619047614286,35.7,0.965064645,0.6755251429989195
20149,5.96666666673333,35.7,0.606747031,0.4742116574380819
20155,7.1073446329661,35.7,0.776787043,0.5748067012482138
20161,7.74822695008511,35.7,0.683041453,0.5206025453272107
20169,11.6518518520222,35.7,1.001372218,0.6938330542947709
20173,10.9733514002764,35.7,0.905931234,0.6449707258823127
20177,11.1111111113481,35.7,0.755686104,0.5628597229698828
20181,7.437499999375,35.7,1.384801745,0.8691159950990014
20205,6.11111111116667,35.7,0.358765841,0.30657681789498187
20209,10.5662525877578,35.7,0.665597677,0.5101840241849915
21003,5.0222222224,37.7,0.422475696,0.35239880145938635
21015,8.19883040935088,37.7,0.967532277,0.6767801062574514
21017,5.80555555533333,37.7,0.703482211,0.5326745154462206
21019,7.31981981994595,37.7,1.440364599,0.8921474539618568
21021,7.07575757577273,37.7,0.922053516,0.6533941540730572
21025,3.83333333338462,37.7,0.557768941,0.44325463157225187
21029,5.7282608696087,37.7,0.571901381,0.45228595730628474
21031,3.83333333333333,37.7,0.472329378,0.3868457575039119
21033,5.81944444466667,37.7,0.788208425,0.581214238749655
21035,6.19354838693548,37.7,0.6361323,0.4923351028815774
21037,11.0774647888451,37.7,0.79770261,0.5865095219243276
21047,6.29666666652,37.7,0.685525596,0.5220774415748923
21049,6.06410256415385,37.7,0.767901719,0.5697933738694321
21055,4.2999999999,37.7,0.452130675,0.373031908909631
21059,7.12009803919118,37.7,0.725646734,0.5456018984799031
21061,3.8833333333,37.7,0.245198205,0.21929471804878073
21063,3.416666666625,37.7,0.406945199,0.34142082854643463
21065,4.59722222216667,37.7,0.496137232,0.4028866079654268
21067,11.0905448718846,37.7,0.926909626,0.655917489526011
21069,3.95454545445455,37.7,0.205437243,0.18684235838725394
21071,4.76829268304878,37.7,0.857780039,0.6193822474846672
21073,6.94736842110526,37.7,0.821628392,0.599730821943688
21081,4.76666666653333,37.7,0.748414516,0.5587093864205097
21083,5.24137931034483,37.7,0.461730689,0.3796211371090054
21087,3.53030303018182,37.7,0.545702577,0.43547854938054276
21089,6.20114942531035,37.7,0.516277075,0.4162580376706948
21093,6.13184079610448,37.7,0.70973599,0.5363389667820602
21101,5.95833333359375,37.7,0.737595022,0.5525019858822889
21103,4.32142857135714,37.7,0.373436242,0.3173158053810968
21111,11.7465156796516,37.7,0.896472991,0.6399958405479101
21113,7.97777777786667,37.7,0.702961683,0.5323689017210286
21117,11.0059523812768,37.7,0.607327223,0.47457268954901083
21121,5.2037037037037,37.7,0.805879712,0.5910478481254426
21127,4.29761904757143,37.7,0.583052576,0.459354993234263
21131,3.16666666641667,37.7,0.311300188,0.2710191549244068
21135,4.06060606027273,37.7,0.301613629,0.2636047478266908
21137,4.51754385989474,37.7,0.367857426,0.313245593008764
21139,3.90740740722222,37.7,0.33182171,0.28654771180795446
21145,7.04716981145283,37.7,1.142526388,0.7619856878666931
21151,6.35000000002,37.7,0.710762203,0.5369390039537741
21171,4.0666666665,37.7,0.568774283,0.4502946029813426
21173,5.76851851866667,37.7,0.674093544,0.5152718510317121
21179,5.43478260847826,37.7,0.581270158,0.458228421554729
21183,4.225,37.7,0.543955803,0.4343478261928813
21185,6.02777777775,37.7,0.402991086,0.3386064475719862
21191,4.77272727272727,37.7,0.274235576,0.2423464505741823
21195,4.16935483870968,37.7,1.034053683,0.7100306901001093
21199,5.64341085281395,37.7,0.656188011,0.504518582731221
21209,7.00462962975,37.7,0.667008698,0.5110308215114931
21211,5.39880952389286,37.7,0.64501822,0.49775146014383886
21215,4.57407407411111,37.7,0.45953536,0.37811813849371456
21217,5.92857142861905,37.7,0.894697964,0.6390594400791519
21227,6.69369369381081,37.7,0.825217485,0.6016991497973045
21229,4.185185185,37.7,0.576273978,0.45506382023521563
21231,4.68627450970588,37.7,0.494829029,0.40201183842992244
21235,5.17241379313793,37.7,0.823022664,0.6004959278737717
21239,5.75,37.7,0.709882319,0.5364245488481663
22005,6.66269841278571,40.1,0.847161233,0.61364999193883
22007,4.23529411764706,40.1,0.323759317,0.28047565624676496
22009,5.21354166653125,40.1,0.375319034,0.3186857289322333
22015,5.83105022834247,40.1,0.872127295,0.6270753752093534
22017,6.98632478631282,40.1,0.922186792,0.6534634920901298
22019,7.23529411773529,40.1,0.895184696,0.6393162986926458
22021,4.11111111111111,40.1,0.508181751,0.410904786859075
22029,6.20370370338889,40.1,0.581579804,0.4584242234452451
22033,7.1490066225298,40.1,1.032454133,0.709243995395527
22045,6.66666666667925,40.1,0.623269677,0.48444243431050277
22051,9.41260162591159,40.1,0.895116389,0.6392802556456818
22053,6.17307692296154,40.1,0.640861332,0.4952213064046016
22055,7.92635658911628,40.1,1.030350685,0.7082085293654473
22057,6.06862745094118,40.1,0.614779294,0.47919828727386327
22063,5.37037037035185,40.1,0.570486367,0.45138535928394263
22069,5.78571428588571,40.1,0.610808671,0.47673633302015705
22071,13.8475033737206,40.1,1.009048104,0.6976610297970094
22073,6.83482142854464,40.1,0.76752013,0.5695775076912051
22075,5.47826086952174,40.1,0.605719745,0.47357209531548405
22079,6.45138888884375,40.1,0.785582602,0.5797447496538023
22085,4.15217391313043,40.1,0.294080585,0.2578004700283633
22087,7.20748299320408,40.1,0.713581145,0.5385854174995517
22089,6.25000000014706,40.1,0.547304034,0.43651408363217503
22093,5.24074074072222,40.1,0.578954995,0.4567632326507164
22095,6.70555555526667,40.1,0.729137242,0.5476225800692229
22099,5.19791666675,40.1,0.490992188,0.39944179633225574
22101,7.30370370391111,40.1,0.724187851,0.5447561286025253
22103,6.965333333352,40.1,0.732597947,0.5496219855488098
22109,6.46969696976623,40.1,0.810129344,0.5933983034980156
22119,5.85897435897436,40.1,0.843370318,0.6115955906793206
22121,6.24999999992857,40.1,0.895789802,0.6396355337629204
22123,3.893939394,40.1,0.845387936,0.612689518804871
23001,7.55787037016667,33.1,0.819921315,0.598793266637625
23005,9.92845911942453,33.1,0.875512838,0.6288821356243486
23011,6.85113268614563,33.1,0.707575917,0.5350747723822111
23019,6.45584045587179,33.1,0.586858332,0.46175616975878264
23027,5.51960784308824,33.1,0.551060796,0.4389390813629977
23031,6.90287769788489,33.1,0.827489913,0.6029433930643202
24001,9.59259259242593,33.2,0.799349129,0.5874250045108831
24003,9.31720430109677,33.2,0.943757236,0.6646228196394426
24005,10.6634980987662,33.2,0.943079889,0.6642742858650273
24009,6.04545454534091,33.2,0.719872773,0.54225031890346
24013,6.44025157236792,33.2,0.739242554,0.553449704656779
24015,7.00877192970175,33.2,0.609172404,0.4757200120525918
24017,6.34375000015,33.2,0.778418362,0.5757244086257933
24021,8.70614035082105,33.2,0.773115218,0.5727380097522257
24023,5.69696969709091,33.2,0.935810328,0.6605260129805259
24025,8.41417165675449,33.2,0.661980867,0.5080101843332981
24027,10.0281385280714,33.2,0.898842156,0.6412443088389305
24031,12.5491313788502,33.2,0.783406973,0.5785255646582899
24033,11.2214786487667,33.2,0.930066884,0.6575546572386061
24035,6.15333333348,33.2,0.723122299,0.5441379352937888
24037,5.92121212118182,33.2,0.758586407,0.5645103084890166
24039,5.25000000011111,33.2,0.43216911,0.35919015514137553
24043,6.77719298241053,33.2,0.813782692,0.5954145495886242
24045,7.17605633816901,33.2,0.894316733,0.638858210455214
24510,14.1444614597351,33.2,1.117497683,0.7502350533285977
25001,9.01452991464103,27.2,0.989848197,0.6880583529121387
25003,9.1631701635035,27.2,0.842892826,0.6113365250705902
25005,11.5701981052041,27.2,0.686351478,0.5225673064177621
25007,11.375000001,27.2,0.973598301,0.6798584253692425
25009,12.1678899082569,27.2,0.750698566,0.5600148888554831
25011,7.99462365575806,27.2,0.455405802,0.37528476345581474
25013,11.3333333333056,27.2,0.605621696,0.4735110311142262
25015,8.9777777777619,27.2,0.625770569,0.4859818996938543
25017,12.4686395758648,27.2,0.814599931,0.5958650197284817
25021,11.6374824190781,27.2,0.69917351,0.5301419622546967
25023,9.27715877436769,27.2,0.612901866,0.4780349578626444
25025,15.0772292993455,27.2,0.969333172,0.6776949940782038
25027,9.83928571437857,27.2,0.691017509,0.5253304240911059
26001,3.5,34.5,0.475963831,0.3893112211354872
26003,6.28571428528571,34.5,0.998336077,0.6923148727879066
26005,5.37999999996,34.5,0.554962277,0.44145128617295204
26007,6.45959595987879,34.5,0.672852159,0.5145300493013691
26013,5.761904762,34.5,0.857422829,0.6191899511208926
26015,5.13257575756818,34.5,0.354489923,0.3034249428697127
26017,7.54528985513043,34.5,0.712981164,0.5382352233679255
26019,6.23076923092308,34.5,0.672193587,0.5141362896588909
26021,6.35198135202797,34.5,0.738441408,0.5529889692806343
26025,6.21652421661538,34.5,0.763587356,0.5673500050497713
26027,4.69927536234783,34.5,0.329559565,0.28484773325468526
26029,6.46666666696,34.5,0.881057262,0.6318339921734514
26035,5.09259259262963,34.5,0.649962604,0.5007526234132272
26037,6.40432098757407,34.5,0.589319527,0.4633059541864025
26045,6.6833333333375,34.5,0.808003783,0.5922233543350524
26049,9.05570530111321,34.5,0.684298694,0.5213492718255955
26051,4.284722222125,34.5,0.511327863,0.41298864386943307
26055,8.44642857125,34.5,1.047098041,0.7164232005004713
26057,5.46396396397297,34.5,0.595784843,0.467365679789536
26059,4.86991869921951,34.5,0.481843263,0.3932867608220241
26061,6.75000000014706,34.5,0.59784776,0.4686575737193373
26065,11.2296137339313,34.5,0.901555002,0.6426719735529051
26067,5.28148148155556,34.5,0.43375212,0.36029486810028044
26069,5.84615384611539,34.5,0.636435986,0.4925206977870654
26071,5.9,34.5,0.72293514,0.5440293131924472
26073,6.47286821681395,34.5,0.633057117,0.4904537901066014
26075,5.97837150133588,34.5,0.599031329,0.4693980265304235
26077,6.79365079370899,34.5,0.785749733,0.579838345535924
26081,10.3920308484344,34.5,0.768170416,0.5699453487105886
26087,4.72135416673438,34.5,0.570548296,0.45142479151354364
26091,6.02032520323171,34.5,0.623670876,0.4846895586390779
26093,6.15929203525664,34.5,0.597915113,0.4686997251571546
26099,7.66050375131351,34.5,0.798124909,0.5867444047154016
26101,6.25925925937037,34.5,0.565930963,0.4484805116670849
26103,7.21111111121667,34.5,0.729106545,0.5476048271276194
26111,5.86153846141538,34.5,0.707086444,0.5347880834205481
26115,5.72814207641803,34.5,0.670793235,0.5132985046741034
26119,4.71212121218182,34.5,0.321302354,0.27861788201519533
26121,6.85644768853285,34.5,0.695870221,0.5281960138050655
26125,7.81832797425509,34.5,0.853637815,0.6171500947695406
26127,5.16666666659091,34.5,0.335582972,0.2893678796799435
26139,6.62445887433766,34.5,0.576985061,0.4555148348859366
26145,6.6358381502948,34.5,0.790022552,0.58222821865598
26147,6.24817518248175,34.5,0.54616338,0.4357766237536368
26149,5.05952380928571,34.5,0.542334974,0.43329748501240056
26153,5.61111111116667,34.5,0.863770962,0.6226018342501948
26155,5.72321428566071,34.5,0.664324284,0.5094192056234839
26157,4.56802721089796,34.5,0.4016141,0.33762450108089603
26159,5.23232323231818,34.5,0.62273103,0.48411055083075943
26161,10.270666666716,34.5,0.799513221,0.5875161955508037
26163,10.5654334622098,34.5,0.785350978,0.5796150222337113
26165,6.54166666679167,34.5,0.770530164,0.5712790294198925
27001,4.90196078429412,33.6,0.567894995,0.44973395221130485
27003,9.27234042540851,33.6,0.59735328,0.4683480595462025
27005,5.58333333321429,33.6,0.522405386,0.4202915748285419
27007,5.84343434348485,33.6,0.590194345,0.4638562383224646
27009,6.19642857135714,33.6,0.561550856,0.44567946589460583
27013,7.22962962957778,33.6,0.908544719,0.6463410244193338
27017,5.82183908027586,33.6,0.251614541,0.22443435067415324
27019,7.38043478234783,33.6,0.553652704,0.440608741769432
27021,6.11904761885714,33.6,0.334135264,0.28828333965442243
27025,6.14444444456667,33.6,0.457794845,0.3769249138093598
27027,10.5416666659773,33.6,0.602875233,0.4717990371609317
27031,6.7333333334,33.6,0.923020124,0.653896931450482
27033,5.69230769230769,33.6,0.266856432,0.2365385815799655
27037,10.1724137929095,33.6,0.660017073,0.5068278872553212
27041,6.43333333332,33.6,0.626174092,0.4862300730449635
27043,6.11111111105556,33.6,0.441144019,0.3654372558123727
27047,6.44086021470968,33.6,0.757475972,0.5638786729164791
27049,6.83783783781081,33.6,0.647696376,0.49937817664932216
27053,12.5231481482819,33.6,0.824655771,0.6013913506135868
27055,7.10256410215385,33.6,0.268355519,0.23772119447678777
27057,5.50980392176471,33.6,0.367258877,0.3128079158182925
27059,5.43939393940909,33.6,0.362065226,0.3090020964484789
27061,5.19105691060976,33.6,0.309269249,0.26946915637986524
27065,5.0357142855,33.6,0.243664712,0.2180624338730799
27067,6.63725490164706,33.6,0.626014352,0.4861318376549306
27071,6.92857142857143,33.6,0.580479324,0.45772817065186994
27073,5.6875,33.6,0.459629238,0.37818245689501107
27075,6.36111111091667,33.6,0.751950383,0.5607296719076957
27083,7.03472222191667,33.6,0.910134137,0.6471734683884236
27087,4.6,33.6,0.548145413,0.43705770680233286
27091,6.56349206314286,33.6,0.718538284,0.5414740946272564
27093,5.56060606077273,33.6,0.385587603,0.3261243117594499
27095,6.63636363627273,33.6,0.573701501,0.4534304884273659
27097,5.62222222216667,33.6,0.662910163,0.5085691777052995
27099,7.55392156855882,33.6,0.49813199,0.40421899202791717
27101,5.25,33.6,0.367872477,0.3132565962879866
27103,6.61904761919048,33.6,0.754016578,0.5619083454446644
27105,6.00757575754545,33.6,0.467289716,0.38341696841506434
27109,7.77327327331531,33.6,0.696807265,0.5287484058480428
27113,6.40476190471429,33.6,0.288309067,0.25333055774757324
27117,6.712121212,33.6,0.657822609,0.5055050600362075
27119,7.27083333334375,33.6,0.485436887,0.3957089289863291
27123,13.2095833333,33.6,0.74100709,0.5544637331499598
27125,5.8333333332,33.6,0.741473079,0.5547313521916585
27127,6.3125,33.6,0.397904366,0.33497423374638147
27129,5.60784313729412,33.6,0.347149909,0.2979911822529161
27131,7.25193798467442,33.6,0.536640644,0.4295986337068187
27133,6.03703703688889,33.6,0.645091951,0.4977962799195791
27137,9.18979266346411,33.6,0.679970562,0.518776270642597
27139,8.33606557362295,33.6,0.557439506,0.4430431304757232
27141,5.966666666775,33.6,0.425053895,0.35420963405804745
27143,5.3125000001875,33.6,0.203873605,0.18554436214004325
27145,7.44557823131633,33.6,0.703538656,0.532707649965913
27149,5.78787878809091,33.6,0.614439309,0.47898771930491846
27153,4.73333333332,33.6,0.283034116,0.24922767608277618
27157,7.59649122784211,33.6,0.41585806,0.34773575013415775
27159,5.74509803929412,33.6,0.869124353,0.6254700607705368
27161,6.2777777778,33.6,0.646900296,0.4988949126296265
27163,8.4829683699854,33.6,0.59892422,0.4693310406087001
27169,7.67543859668421,33.6,0.732890964,0.5497910912699495
27171,6.50769230767692,33.6,0.527633011,0.4237194858503226
28001,6.00000000003226,39.5,0.891824961,0.637541951022184
28007,5.14705882376471,39.5,0.722061753,0.5435222665704391
28033,6.31565656566667,39.5,0.833886623,0.6064375524031933
28035,7.63522012588679,39.5,0.999880016,0.6930871867603533
28045,6.04687500003125,39.5,0.583333313,0.4595323165363348
28047,7.0684079601194,39.5,0.790226102,0.5823419258422067
28049,9.73513513512973,39.5,0.995762527,0.6910261963623533
28059,6.325,39.5,0.6397686,0.49455513431993414
28073,6.22619047610714,39.5,1.013013363,0.699632784986341
28075,6.57692307723077,39.5,1.084731102,0.734639879067987
28079,3.72222222211111,39.5,0.747548461,0.5582139263579092
28087,6.68560606054545,39.5,0.840350568,0.6099560795600609
28089,6.60833333338333,39.5,1.094777822,0.739447496198925
28099,4.68055555554167,39.5,0.655262768,0.5039597684314917
28101,4.0,39.5,0.575098217,0.4543176303332924
28121,6.26126126128378,39.5,1.032216668,0.7091271519846353
28123,4.643939394,39.5,0.712732971,0.538090323361297
28131,5.20370370377778,39.5,0.816993475,0.5971831983233814
28151,7.5925925925,39.5,0.723673463,0.5444577476892747
29003,5.46428571407143,36.4,0.227453649,0.20494181948479503
29013,6.04761904792857,36.4,0.738825262,0.5532097484373616
29015,5.583333333625,36.4,0.356651545,0.30501956453262846
29019,7.61302682002299,36.4,0.81971246,0.5986784995961365
29021,8.40046296283333,36.4,0.843638062,0.6117408271273433
29027,5.87745098032353,36.4,0.490119636,0.39885640935153777
29031,6.98809523791071,36.4,1.056444287,0.7209784171470439
29037,7.0087719298421,36.4,0.543040633,0.4337549067996884
29039,5.55952380935714,36.4,0.768049181,0.5698767811362498
29043,6.19444444458333,36.4,0.518449068,0.4176894639467523
29047,9.32127192979605,36.4,0.702272117,0.5319638981001755
29051,7.07716049392593,36.4,0.866244018,0.623927864507787
29055,5.39682539685714,36.4,0.631871581,0.4897275653330982
29057,5.14814814811111,36.4,0.528541207,0.4243138210956006
29059,4.64444444433333,36.4,0.580753803,0.4579018237737137
29061,5.500000000125,36.4,0.362187624,0.30909195448062327
29063,5.5833333333,36.4,0.548245609,0.43712242472673135
29069,7.04545454536364,36.4,0.657940328,0.505576065715616
29071,6.35897435884615,36.4,0.689199686,0.5242548581908238
29077,7.98303393217365,36.4,0.986450732,0.6863494945554424
29091,6.203125,36.4,0.819631398,0.5986339520055948
29095,11.5217925107366,36.4,0.719623208,0.5421052017108152
29097,7.76773049644681,36.4,0.822043955,0.5999589231351379
29099,7.10206718344186,36.4,0.600327551,0.4702083276685838
29107,6.29444444456667,36.4,0.696842968,0.5287694469085824
29109,6.67741935490323,36.4,0.523903072,0.4212748541919532
29113,5.76282051288462,36.4,0.349307209,0.2995912822106574
29115,5.979166667,36.4,0.422654271,0.35252433175312037
29117,6.34848484827273,36.4,0.624436259,0.485160838053429
29119,4.88235294117647,36.4,0.436681211,0.36233573906219607
29135,5.93055555566667,36.4,0.449149817,0.37097705136855996
29141,5.39215686270588,36.4,0.434446812,0.36077927802445536
29145,6.12222222237778,36.4,0.530358791,0.42550221183416603
29147,6.83333333338889,36.4,0.597893596,0.4686862593949894
29149,4.5000000001,36.4,0.480261266,0.392218603277327
29151,4.60606060609091,36.4,0.369412631,0.3143819114099137
29155,7.00877192963158,36.4,0.512820542,0.41397581706420844
29157,6.3854166663125,36.4,0.520996153,0.4193654840168895
29159,7.41666666671053,36.4,0.776653349,0.574731453609129
29161,6.29729729751351,36.4,0.788039804,0.5811199382484998
29163,6.26470588194118,36.4,0.683682799,0.5209835364388986
29165,7.96825396823809,36.4,0.563211083,0.4467420922249529
29169,5.78160919537931,36.4,0.474302292,0.38818485550852705
29175,6.75396825371429,36.4,0.491621941,0.39986407892203846
29177,5.09803921570588,36.4,0.349116296,0.29944978255356886
29181,4.29761904757143,36.4,0.60150373,0.47094301913086367
29183,7.93055555560714,36.4,0.748392463,0.5586967731992866
29187,5.18888888886667,36.4,0.812213302,0.5945489170283043
29189,11.2174855493483,36.4,0.860143661,0.620653721839253
29195,6.79861111145833,36.4,0.656225383,0.5045411475475987
29201,7.38095238102857,36.4,0.600710392,0.47044752570912096
29207,6.22435897446154,36.4,0.517223537,0.4168820441580958
29209,5.368055555625,36.4,0.431233644,0.35853676048218946
29213,6.50980392167647,36.4,1.069442511,0.7272792526470883
29215,4.87878787877273,36.4,0.398215979,0.33519712329535767
29219,5.99999999989474,36.4,0.519210815,0.418190999368957
29221,5.09649122805263,36.4,0.406437963,0.34106024061632456
29223,4.1555555556,36.4,0.39157334,0.3304350063081702
29225,5.65942028982609,36.4,0.602122486,0.4713293039006684
29229,5.48245614047368,36.4,0.436562061,0.36225280142776084
29510,13.9782407406972,36.4,1.038149476,0.7120422765663085
30001,7.0,30.5,0.949066758,0.6673506723759697
30009,6.07575757545455,30.5,0.54940021,0.4378678947519926
30013,8.11111111143055,30.5,0.934280753,0.659735553506767
30021,7.62121212090909,30.5,0.584453523,0.46023956743716177
30023,7.01515151490909,30.5,0.543242097,0.4338854612679021
30027,7.083333334,30.5,0.630403459,0.4888275050493329
30029,7.28571428568571,30.5,0.614070714,0.47875938177523725
30031,10.6083333338333,30.5,0.924610019,0.6547233596836539
30035,4.07407407411111,30.5,0.51493305,0.415371246565721
30041,7.18421052668421,30.5,0.855850339,0.6183429947980712
30047,5.53333333328,30.5,0.645452797,0.49801560287615987
30049,7.82026143821569,30.5,0.697717488,0.5292846947768604
30053,7.05882352958823,30.5,0.491569579,0.39982897423656694
30057,5.35714285728571,30.5,0.446478397,0.3691319106526366
30063,11.9627192984342,30.5,0.822165608,0.600025688230801
30067,8.2291666660625,30.5,1.133651495,0.7578348288587586
30071,7.37500000075,30.5,0.76550138,0.5684347180342568
30081,5.79569892464516,30.5,0.488867164,0.39801553817090807
30083,7.29166666675,30.5,1.08666122,0.7355652862168487
30085,6.36363636372727,30.5,0.638453126,0.4937525808744646
30087,6.895833333,30.5,0.679040313,0.5182223879322398
30089,5.9500000001,30.5,0.24677141,0.22055733794553373
30093,13.6936936942432,30.5,0.966458201,0.6762340571336956
30105,7.020833333375,30.5,0.815328181,0.5962662673495369
30111,8.0386904761875,30.5,0.773053586,0.5727032499856084
31043,11.5128205143846,35.3,0.697558522,0.5291910552614584
31055,11.835345405827,35.3,0.834012389,0.6065061289913916
31079,8.28723404261702,35.3,0.802910149,0.5894021088141369
31101,7.55555555633333,35.3,1.002129555,0.6942113915864595
31109,13.282499999835,35.3,0.863870263,0.6226551124462602
31153,8.10583941607299,35.3,0.640699804,0.495122860577487
31177,5.78703703694444,35.3,0.430601418,0.3580949278841618
32003,11.9576249355611,33.5,0.891637743,0.6374429845384099
32005,6.61290322580645,33.5,0.774119973,0.5733045101237939
32013,6.023809524,33.5,0.707463741,0.5350090770982471
32015,6.3333333334,33.5,0.906782746,0.6454173956396688
32031,10.278322440183,33.5,0.802797019,0.5893393582940496
32510,9.98412698414286,33.5,0.749544919,0.5593557078318101
33011,7.65365551420818,30.2,0.678233266,0.517741612686163
33013,6.78217821783168,30.2,0.668317795,0.511815810369388
33015,7.03425925925556,30.2,0.963678956,0.6748197322120676
33017,6.91991341998701,30.2,0.669033647,0.512244804452522
34001,12.255494505478,29.1,0.764418423,0.5678211307039971
34003,13.5151706700051,29.1,0.902843297,0.6433492396791056
34005,9.82671480133935,29.1,0.745640337,0.55712144364362
34007,12.8215532285785,29.1,0.785305679,0.5795896493097066
34009,11.2981481484778,29.1,1.92253077,1.0724499429656322
34011,8.78451178442424,29.1,0.571397483,0.4519653400019058
34013,13.3452914797892,29.1,0.727044702,0.5464116830217925
34015,10.7722513089058,29.1,0.750225902,0.5597448664615741
34017,14.3918918921036,29.1,0.798015654,0.5866836423519067
34019,6.83333333335443,29.1,0.673093081,0.5146740576357174
34021,12.3298898071777,29.1,0.776061356,0.5743981912705315
34023,11.8677501593614,29.1,0.80220145,0.5890089453906657
34025,11.3703703703098,29.1,0.937933087,0.6616219860407244
34027,9.98700564977288,29.1,0.832846344,0.6058701377388188
34029,8.69777777787733,29.1,0.722847998,0.5439787342694398
34031,13.5232876712082,29.1,0.7314412,0.548954125288629
34033,9.62925170055102,29.1,0.640502155,0.4950023870420516
34035,9.01473296486188,29.1,0.807698011,0.5920542187048761
34037,6.48148148153704,29.1,0.535706639,0.42899062625014805
34039,13.1139088728633,29.1,0.788629353,0.5814496019548483
34041,8.50210970479747,29.1,0.738468528,0.5530045693395946
35001,12.4506880734335,32.4,0.883130431,0.6329355149341145
35005,7.90384615403846,32.4,0.664492905,0.5095205154825543
35006,3.76190476171429,32.4,0.531228662,0.42607046019339856
35007,6.41666666671429,32.4,0.586903691,0.461784753502412
35009,7.8416666665,32.4,0.573852777,0.45352661131310856
35013,7.40310077525581,32.4,0.619175434,0.48191702830619476
35015,7.73863636375,32.4,0.667602479,0.511386953590922
35025,7.51666666663333,32.4,0.779618561,0.5763990497672403
35028,6.72580645148387,32.4,0.822114885,0.5999978511858202
35029,7.56862745152941,32.4,0.75298053,0.5613174992031452
35031,5.14423076898077,32.4,0.762453377,0.5667068025884486
35035,6.38652482291489,32.4,0.456103683,0.37576415809077024
35039,4.8448275862069,32.4,0.623036802,0.4842989635680415
35041,6.69607843117647,32.4,0.599455059,0.46966298310742727
35043,7.71296296305556,32.4,0.496964484,0.4034393803731551
35045,7.73711340198969,32.4,0.875827193,0.6290497317356784
35049,9.26567656746535,32.4,0.730522692,0.5484234969804167
35053,1.0,32.4,0.483646691,0.3945030375589521
35055,6.6875000005,32.4,0.889761627,0.636450697836918
35061,4.166666667,32.4,0.567200363,0.4492908192714443
36001,11.4049645391872,30.1,1.10652256,0.7450385120876322
36003,1.0,30.1,0.39484942,0.33278646679477186
36005,12.9080011553891,30.1,0.675163567,0.515910812449688
36007,7.09558823530882,30.1,0.791891038,0.5832715080165588
36009,4.96296296288889,30.1,0.645901144,0.49828804212809696
36011,7.83555555536,30.1,0.618185163,0.4813052515200046
36013,7.09641873276033,30.1,0.745842338,0.557237154371141
36015,7.01149425272414,30.1,0.593062401,0.46565820216321957
36019,5.59523809525974,30.1,0.68941313,0.5243812082711131
36021,6.12295081977049,30.1,0.755870581,0.562964791471814
36027,7.02284946239919,30.1,0.886485517,0.6347155832127955
36029,11.6306769494756,30.1,0.829662025,0.6041312640044588
36033,4.583333333,30.1,0.640448332,0.49496957764720206
36037,3.666666667,30.1,0.614099741,0.478777365336146
36039,5.57751938,30.1,0.657099843,0.505068991909777
36043,5.78225806453226,30.1,0.623512983,0.4845923094490225
36045,6.03191489359574,30.1,0.730838597,0.5486060292123921
36047,13.5336692258752,30.1,0.849963009,0.6151656437551929
36051,7.62592592613333,30.1,0.737203121,0.5522764182461077
36053,6.02482269512766,30.1,0.624308288,0.48508205623589007
36055,11.2425742572838,30.1,0.767984867,0.5698404047896797
36057,5.92063492061905,30.1,0.69147855,0.5256030281059005
36059,14.1114537444581,30.1,1.024913192,0.705526831491489
36061,13.0296296295966,30.1,1.630284071,0.9670918521438923
36063,9.6476190476,30.1,0.748574853,0.5588010864419817
36065,9.81702898542935,30.1,0.690577328,0.5250700847993197
36067,11.2293859649263,30.1,0.857987761,0.6194940531794236
36069,6.21951219514634,30.1,0.753921747,0.5618542789296705
36071,8.26871980668478,30.1,0.789130747,0.5817298857018118
36073,5.4833333334,30.1,0.350192606,0.30024725338489416
36075,8.34156378580247,30.1,0.653223991,0.5027273154059391
36077,5.44047619046429,30.1,0.562170982,0.4460765089351243
36079,7.14734299510145,30.1,0.751025021,0.5602013427504494
36081,14.121012416463,30.1,0.927747548,0.6563522477809605
36083,10.121333333344,30.1,0.765299678,0.5683204652078268
36085,13.6780415427033,30.1,0.698466539,0.5297258081006325
36087,8.98522167476847,30.1,0.827649653,0.6030307987555215
36089,5.83021806852336,30.1,0.494472176,0.40177308497068703
36091,7.85851318953957,30.1,0.703436434,0.5326476424828348
36093,11.5809178741377,30.1,0.740225792,0.5540148703248626
36095,4.58080808072727,30.1,0.353334188,0.30257131647242574
36103,8.56028724118838,30.1,0.944194198,0.6648475971395001
36107,6.01851851871111,30.1,0.459251851,0.3779238735607841
36109,6.58854166657813,30.1,0.692671537,0.5263080719241406
36113,7.08510638280851,30.1,0.988142312,0.6872006911853402
36115,5.27898550723913,30.1,0.610500634,0.47654508345560215
36117,6.16393442613115,30.1,0.749952435,0.5595886075660398
36119,12.9291845493233,30.1,0.824185491,0.6011335811087846
36123,5.57936507947619,30.1,0.403551251,0.3390056327188151
37001,6.77876106195575,34.1,0.747026503,0.5579152016149813
37003,5.27777777779167,34.1,0.400630325,0.3369223674399906
37007,5.052631579,34.1,0.705482006,0.5338477722492259
37011,6.6041666665625,34.1,0.682943463,0.5205443216557012
37013,5.92857142865714,34.1,0.807256818,0.5918101254738065
37019,6.38389513107865,34.1,0.751481175,0.5604618156672996
37021,9.38203463227922,34.1,1.001984954,0.694139165380272
37023,5.35919540225862,34.1,0.696763933,0.5287228681489794
37025,9.10460992941489,34.1,0.835293651,0.6072044964963678
37027,5.77419354840323,34.1,0.730816066,0.5485930117382685
37033,3.89814814822222,34.1,0.356458575,0.3048773145009008
37035,6.38771929822105,34.1,0.854610205,0.6176745419030889
37037,5.55714285717143,34.1,0.58087343,0.45797749809661203
37039,5.60317460319048,34.1,0.756715834,0.5634460624877841
37041,5.39285714285714,34.1,0.796235979,0.5856933526743003
37047,4.95390070917021,34.1,0.785330772,0.5796037045070613
37051,6.73834196890674,34.1,0.894863904,0.6391470174856629
37053,5.70238095235714,34.1,0.860525966,0.6208592251704659
37057,6.0447530865463,34.1,0.531808019,0.42644874949727973
37059,5.32,34.1,0.554451764,0.4411229201220784
37061,4.77941176476471,34.1,0.629315913,0.4881602414500836
37063,10.6195175435658,34.1,0.922683954,0.6537221026056006
37065,7.82624113474468,34.1,0.49184522,0.40001375645382803
37067,7.08641975311934,34.1,0.765938163,0.5686820862799304
37069,5.25000000003333,34.1,0.500981092,0.4061189556366064
37071,6.68015414260116,34.1,0.759153962,0.564832990066046
37075,4.5833333335,34.1,0.354024082,0.30308096015171065
37081,7.92840778923368,34.1,0.830680013,0.6046874896334726
37083,5.93790849684314,34.1,0.949897945,0.6677770353086487
37085,5.69672131139344,34.1,0.612879217,0.47802091537221025
37087,6.37234042544681,34.1,0.746363461,0.5575356035656399
37089,6.90610328629577,34.1,0.565663397,0.44830963002029905
37097,5.96874999994643,34.1,0.775152087,0.5738861020737177
37099,5.88888888866667,34.1,0.658596933,0.5059720238833711
37101,5.77380952377381,34.1,0.596542835,0.4678405633796315
37105,6.04504504508108,34.1,0.753772855,0.5617693844237438
37107,6.40070921991489,34.1,0.879396975,0.6309509674092909
37109,5.48666666672,34.1,0.681067467,0.519428988659757
37115,4.8854166666875,34.1,0.643974245,0.49711663045288
37119,10.950181159462,34.1,0.828206837,0.603335615974599
37127,8.45384615355385,34.1,0.737937331,0.5526989680803176
37129,11.2005649715678,34.1,0.94669354,0.6661323128712612
37131,3.94696969704545,34.1,0.314333618,0.27332978281371256
37133,5.93333333335789,34.1,0.794339597,0.5846370417090019
37135,9.84888888873333,34.1,0.650670469,0.5011815502252641
37141,5.79032258067742,34.1,0.587589502,0.46221682940806
37143,4.13888888891667,34.1,0.365844727,0.3117730848487467
37145,5.51282051269231,34.1,0.651221037,0.5015150366551495
37147,7.04687500005208,34.1,0.891080439,0.6371483265822956
37149,5.66666666658333,34.1,0.665715635,0.5102548419010102
37151,5.57945736424419,34.1,0.629509449,0.4882790179899279
37157,5.41304347830435,34.1,0.701100945,0.5312756561561427
37159,6.40602836885106,34.1,0.60352993,0.4722074053962708
37165,5.99382716059259,34.1,0.692900658,0.5264434233431345
37167,6.17391304345652,34.1,0.72739923,0.5466169421073204
37169,4.68279569893548,34.1,0.480947912,0.39268236383663363
37171,5.74858757064407,34.1,0.68356514,0.5209136520691229
37173,4.94444444433333,34.1,1.198956251,0.7879828164224659
37179,6.21359223307767,34.1,0.54791832,0.43691100891754014
37183,10.3211920531523,34.1,0.846970379,0.6135466637306255
37189,7.00000000006452,34.1,0.584681332,0.46038333474957704
37191,5.76666666665333,34.1,0.75826633,0.5643282838068249
37195,6.75757575745455,34.1,0.792885959,0.5838265891423183
37197,5.10119047614286,34.1,0.372093022,0.3163373272969028
38015,8.12727272707273,35.4,0.706772566,0.5346041988488859
38017,12.2916666666771,35.4,0.793892443,0.5843878081046362
38035,12.6975308647222,35.4,0.69083637,0.5252233000067106
38053,6.0,35.4,0.590473711,0.46403190330592076
38059,7.3166666666,35.4,0.571374178,0.45195050914397894
38061,7.05555555533333,35.4,0.666539729,0.5107494582654726
38079,5.2333333332,35.4,0.3529827,0.302311562706313
38101,7.86000000002,35.4,0.77410686,0.5732971188263277
39001,5.09090909104545,38.1,0.762776494,0.5668901194288981
39003,6.94746376815217,38.1,0.921749353,0.6532358925747438
39007,6.19175627232258,38.1,0.828903854,0.6037168005037712
39011,6.55691056897561,38.1,0.744308233,0.5563580489757768
39013,7.04166666666176,38.1,0.834192812,0.6066045002603142
39017,9.00624219704494,38.1,0.816807032,0.5970805823433327
39019,5.4533333334,38.1,0.557682991,0.4431994549867049
39021,5.08333333317647,38.1,0.48767966,0.39721763097628393
39023,6.59803921570588,38.1,0.793454766,0.5841437965960353
39025,6.45056497166949,38.1,0.69896698,0.5300204075391914
39035,11.9520725388497,38.1,0.955302715,0.6705450228828569
39037,5.95833333303846,38.1,0.527292252,0.4234963975767465
39041,7.374999999875,38.1,0.941213906,0.6633135021334036
39043,9.65217391315942,38.1,1.030941844,0.7084996480179225
39045,6.54255319174468,38.1,0.669968486,0.512804755591928
39047,5.93589743596154,38.1,1.154693961,0.7676487000137687
39049,11.5615124153442,38.1,0.916486502,0.6504935627664489
39051,5.9086021503871,38.1,0.740051091,0.5539144754390418
39055,5.68717948718462,38.1,0.611122429,0.4769310969621866
39057,7.01785714296429,38.1,0.864085793,0.622770741491776
39061,11.3345289334735,38.1,0.858206451,0.6196117488582698
39063,7.2688172043871,38.1,0.87525028,0.6287421331810223
39065,5.99404761925,38.1,0.667323411,0.511219592750018
39069,5.90740740766667,38.1,0.817722261,0.5975842123573254
39077,6.04861111114583,38.1,0.724400222,0.5448792926312657
39081,6.46268656707463,38.1,0.66215986,0.5081178771266381
39083,6.35869565228261,38.1,0.865065753,0.6232963087745582
39085,11.1753246751623,38.1,0.836349845,0.6077798214320723
39087,6.53216374242105,38.1,0.710768163,0.5369424877749667
39089,6.51636904751786,38.1,0.696238041,0.5284128818841668
39091,6.12820512807692,38.1,0.728058934,0.5469987751243646
39093,6.82918739632836,38.1,0.679112792,0.5182655539212492
39095,11.8543240975315,38.1,0.919928849,0.6522881275405326
39097,5.13690476189286,38.1,0.516169548,0.41618712001679153
39099,6.72916666666204,38.1,0.911202013,0.6477323702938724
39101,6.27485380114035,38.1,0.725084841,0.5452762324622755
39103,6.87121212131818,38.1,0.690943658,0.5252867506150576
39109,6.87403100767442,38.1,0.799880922,0.5877205082693728
39113,11.5628480508186,38.1,0.944301248,0.6649026569956906
39119,6.37777777762667,38.1,0.918391049,0.651486839412838
39123,6.22093023255814,38.1,0.919186175,0.6519012289951013
39129,5.98611111105556,38.1,0.681918919,0.5199353552758917
39133,6.47359735968317,38.1,0.781139493,0.5772533240927803
39135,5.52450980391176,38.1,0.563228548,0.4467532646780059
39137,6.03703703714815,38.1,0.772567868,0.572429268112845
39139,6.43859649126316,38.1,0.744472265,0.5564520829800456
39145,5.94977168957534,38.1,0.780125618,0.576683933724026
39151,7.60326086952899,38.1,0.916781127,0.6506472827928572
39153,7.67846607677876,38.1,0.909316957,0.6467455639632288
39155,6.46286701218135,38.1,0.772357702,0.5723106952423596
39157,7.63636363638961,38.1,0.806311011,0.591286650024414
39159,5.39999999986667,38.1,0.483164221,0.3941777926959905
39161,6.17857142857143,38.1,0.781277716,0.5773309247734193
39165,7.06172839505556,38.1,0.629162967,0.4880663657456553
39167,5.92198581548936,38.1,0.871722639,0.6268592041508391
39169,6.39430894310976,38.1,0.648261786,0.4997212695999943
39173,6.92592592612222,38.1,0.84659797,0.6133450110381213
39175,5.99242424254545,38.1,0.783013225,0.5783047561277525
40001,4.12962962961111,40.0,0.546572506,0.4360411959754282
40005,4.73611111141667,40.0,0.503162742,0.40757138301963175
40013,5.99462365596774,40.0,0.59186089,0.46490370295101324
40015,5.91071428546429,40.0,0.522939622,0.42064242900373516
40017,6.95940170944872,40.0,0.613609076,0.47847333233218037
40019,7.8492063492381,40.0,0.744524658,0.5564821162538833
40027,9.19075144524277,40.0,0.794242442,0.5845828949741814
40029,4.49999999983333,40.0,0.536960781,0.4298069476401438
40031,7.41468253975,40.0,0.73493588,0.5509704559435699
40035,6.32051282023077,40.0,0.563618422,0.4470026366528809
40037,5.97163120557447,40.0,0.489613205,0.39851649229729186
40041,5.83974359,40.0,0.301372409,0.26341940683970966
40047,7.72826086976087,40.0,0.788578749,0.5814213094996371
40049,6.19871794842308,40.0,0.866707623,0.6241762497251532
40051,6.33333333333333,40.0,0.482953519,0.3940357201157197
40061,4.78787878781818,40.0,0.316155553,0.2747150272856754
40063,6.17857142864286,40.0,0.457108021,0.3764536637922687
40069,4.33333333333333,40.0,0.277161866,0.2446403239119629
40071,7.55263157915789,40.0,0.808799744,0.5926635004513167
40079,5.41452991451282,40.0,0.42054671,0.35104180455922934
40083,5.421874999875,40.0,0.26651907,0.23627224759060797
40085,4.69047619057143,40.0,0.488758564,0.3979425941477375
40087,6.53333333335,40.0,0.749733984,0.5594637672380048
40089,5.6145833333125,40.0,0.457707793,0.3768651971767001
40091,4.99166666635,40.0,0.560224116,0.4448294750453109
40095,5.13636363636364,40.0,0.525885224,0.42257471640317207
40097,5.84895833321875,40.0,0.704704523,0.533391795423994
40099,7.095238095,40.0,0.788247943,0.5812363377191015
40101,7.10928961755738,40.0,0.85786128,0.6194259766786545
40107,5.20833333341667,40.0,0.254993618,0.22713048731185306
40109,10.757690368174,40.0,0.970099807,0.6780842049183244
40111,6.40952380968571,40.0,0.549249351,0.4377705239476151
40113,6.17142857171429,40.0,0.40735817,0.3417143086364015
40115,6.78735632165517,40.0,0.453382552,0.3738936341744372
40119,7.57407407431482,40.0,0.795058429,0.5850375723854011
40121,6.23809523802381,40.0,0.663934588,0.5091850315302009
40123,7.00520833346875,40.0,0.703179955,0.5324970655048616
40125,6.90566037728302,40.0,0.849338353,0.6148279280922553
40127,4.75925925933333,40.0,0.364630818,0.3108839290515457
40131,5.90277777779167,40.0,0.504535437,0.40848417081522437
40133,6.04320987655556,40.0,0.6186077,0.4815663352657272
40135,6.20512820511538,40.0,0.625932872,0.4860817261405643
40137,6.73333333342857,40.0,0.556844532,0.44266103687091457
40141,6.5333333341,40.0,0.553326905,0.4403990210488644
40143,11.3520686965386,40.0,0.913944721,0.6491664112134778
40145,5.35317460316667,40.0,0.349713594,0.29989241735020084
40147,6.99224806225581,40.0,0.61276859,0.47795232325883485
41003,11.6885245902787,30.9,0.740033686,0.5539044728091547
41005,11.025462962875,30.9,0.578753114,0.45663536712717434
41011,9.41798941777778,30.9,0.587226272,0.4619880098308363
41017,9.38039215662353,30.9,0.783073723,0.578338685754757
41019,8.91071428553571,30.9,0.610610247,0.4766131425843263
41029,10.2624671916299,30.9,0.712212205,0.5377862215568872
41031,5.1666666665,30.9,0.482780814,0.39391925317647064
41033,8.49074074105556,30.9,0.635980606,0.4922423835870625
41039,11.1342412451089,30.9,0.778096318,0.5755433077279445
41043,9.01960784309412,30.9,0.595174491,0.46698312899928296
41045,1.0,30.9,0.548687994,0.4374081170015547
41047,11.8645833330677,30.9,0.727368534,0.5465991718824614
41051,15.4237179487346,30.9,0.877841473,0.6301229645500646
41053,9.74390243897561,30.9,0.547045946,0.43634727121453215
41059,8.3333333335,30.9,0.553040445,0.44021458696973853
41067,12.6419141911452,30.9,0.685982406,0.5223484241752744
41071,10.4320987652593,30.9,0.464407802,0.3814509300290468
42001,7.52678571408929,33.4,0.603453338,0.47215963963411123
42003,12.7137814610672,33.4,0.880829632,0.6317129731174873
42007,9.0646766168209,33.4,0.738120854,0.552804560674229
42011,7.90628930821509,33.4,0.638929069,0.49404302182704674
42013,8.21091445452212,33.4,0.859454393,0.6202831075965941
42017,9.94166666662632,33.4,0.759569883,0.5650693945241726
42019,6.83750000019167,33.4,0.713775873,0.538699049081664
42021,7.77160493831852,33.4,0.73053968,0.5484333136194566
42025,6.62418300631373,33.4,0.530578494,0.4256457645958994
42027,10.7789115645612,33.4,0.681131423,0.5194670328100883
42029,9.11320754723774,33.4,0.645456433,0.49801781259982336
42031,6.91203703727778,33.4,0.678762555,0.5180569476061977
42033,6.90256410236923,33.4,0.585152388,0.4606805465563008
42035,7.0540540547027,33.4,0.579603255,0.4571737110764995
42037,7.09696969683636,33.4,0.77110517,0.5716037415660201
42039,5.96825396821429,33.4,0.573497236,0.45330068092720055
42041,10.7628635347785,33.4,0.777778208,0.5753643869035325
42043,11.9412280701053,33.4,0.836090505,0.6076385856456662
42045,13.3344801224839,33.4,0.758707941,0.5645794150169462
42049,11.1111111109481,33.4,0.700379252,0.5308513155931927
42051,6.86564625827551,33.4,0.757067263,0.5636460913407157
42053,5.083333333375,33.4,0.430725068,0.3581813563296272
42055,6.66479400759551,33.4,0.648945928,0.5001362522575401
42067,5.50000000021053,33.4,0.284333229,0.2502396957405066
42069,8.3618784531105,33.4,0.794300199,0.5846150846432381
42071,7.42944785269939,33.4,0.646292865,0.49852601170144395
42073,6.86580086572727,33.4,0.63467437,0.4914436224343054
42075,8.25882352927059,33.4,0.57177949,0.45220841063086636
42077,12.6612466123333,33.4,0.717364013,0.5407905646871036
42079,7.69799054374823,33.4,0.646724403,0.49878810446765187
42081,7.63569321528319,33.4,0.706657588,0.5345368308379079
42083,6.35294117629412,33.4,0.669427037,0.512480475942503
42085,6.78378378379279,33.4,0.718595982,0.5415076679447588
42089,7.26595744662766,33.4,0.652350247,0.5021986665495289
42091,11.7568452380482,33.4,0.775901258,0.5743080450513808
42093,7.10256410253846,33.4,0.60968852,0.4760406944409329
42095,11.9892739272426,33.4,0.725746334,0.5456596143054062
42097,7.92391304341304,33.4,0.587205589,0.46197497883763444
42099,5.73809523791429,33.4,0.389509231,0.32895061357525945
42101,14.8576100628725,33.4,0.898328602,0.640973815866209
42107,7.35555555542222,33.4,0.469053149,0.38461807693207195
42109,6.54597701158621,33.4,0.719299555,0.5419169724173645
42111,6.22916666677778,33.4,0.466289967,0.38273537858507095
42115,5.82083333325,33.4,0.474928766,0.3886096943882908
42119,7.42000000032,33.4,0.609563351,0.47596293165313075
42121,6.33333333352941,33.4,0.496741384,0.40329033433439904
42125,7.16564417156442,33.4,0.77368319,0.5730582828207902
42129,7.68907563027731,33.4,0.723161638,0.5441607651016171
42131,5.50757575740909,33.4,0.564822853,0.4477726246140627
42133,9.56314699805901,33.4,0.71040386,0.5367295180681365
44001,11.7763157887632,30.8,0.744570851,0.5565085947494611
44003,12.1735537189421,30.8,0.801720083,0.5887418102721818
44005,11.5628415298361,30.8,1.014223576,0.7002337990586492
44007,13.6432865731784,30.8,0.818478465,0.5980001431971687
44009,8.79347826073913,30.8,0.763443768,0.5672685835964123
45003,5.85377358483019,35.0,0.717198312,0.5406940743722111
45007,6.34266666676,35.0,0.748704433,0.5588751897602828
45013,6.80480480482883,35.0,0.725763559,0.5456695954444057
45015,6.23063973059596,35.0,0.546640277,0.43608501514000897
45019,11.143874644047,35.0,0.909132242,0.6466488152621108
45023,5.09677419358064,35.0,0.527426183,0.42358408552765636
45031,5.77272727269091,35.0,0.57135123,0.45193590525912025
45035,6.97512437814925,35.0,0.555096328,0.44153749097942574
45041,6.22484276723585,35.0,0.806756377,0.5915331807167199
45043,6.47037037037778,35.0,0.599813759,0.46988722184565707
45045,9.32091503277255,35.0,0.860116482,0.6206391104954461
45049,4.90625,35.0,0.997064173,0.6916781886194228
45051,6.86507936521088,35.0,0.911207855,0.6477354270042733
45057,5.80072463773913,35.0,0.594494998,0.46655707042950195
45059,5.08908045967241,35.0,0.530324221,0.4254796221050983
45061,3.81372549023529,35.0,0.419136584,0.350048647245604
45063,7.40890269157764,35.0,0.796194077,0.5856700247322952
45065,4.72916666675,35.0,0.530222714,0.42541328951671264
45073,6.02564102551923,35.0,0.562394559,0.4462196181113907
45075,5.59909909917568,35.0,0.87880671,0.6306368465928969
45077,6.97222222227778,35.0,0.828234971,0.6033510047057633
45079,10.6079234972459,35.0,0.787493646,0.5808144408943932
45083,6.32307692297949,35.0,0.714274764,0.5389901130456192
45085,6.47303921585294,35.0,0.705152333,0.5336544516125004
45087,4.9320987652963,35.0,0.518691421,0.4178490568278799
45091,6.92507645276147,35.0,0.563808978,0.44712449783516495
46023,6.38888888883333,36.8,0.647808254,0.4994460739898535
46083,7.19444444446667,36.8,0.412573993,0.3454135670912217
46093,6.08823529435294,36.8,0.34979713,0.2999543070839841
46099,11.6694444446,36.8,0.849185646,0.614745350826228
46102,5.916666666,36.8,0.213219613,0.19327766303857527
46103,7.95522388074627,36.8,0.698721588,0.5298759611042015
46127,6.53703703711111,36.8,0.308794469,0.26910646084885853
47001,5.33333333336538,38.9,0.928337514,0.6566582399959233
47009,5.83771929828947,38.9,0.615950882,0.4799235648349921
47011,6.45757575778182,38.9,0.779308915,0.5762250389154489
47019,4.59210526331579,38.9,0.655819058,0.5042957855005148
47021,4.82539682542857,38.9,0.583927393,0.45990745458912696
47029,4.85897435907692,38.9,0.55210489,0.439612003240234
47037,10.7324840765117,38.9,1.089061022,0.736714693253585
47041,4.83333333346154,38.9,0.335940868,0.28963581365588814
47043,5.77777777803333,38.9,0.809180498,0.5928739792134645
47047,4.36868686860606,38.9,0.336376756,0.28996203835309553
47055,5.36842105231579,38.9,0.745005071,0.5567574616673601
47057,4.14583333325,38.9,0.339486539,0.29228636067991565
47059,4.6527777779375,38.9,0.718690276,0.5415625333199101
47063,5.8928571427381,38.9,0.936876059,0.6610763963167445
47065,8.12244897965714,38.9,0.941715837,0.6635720342398371
47071,5.32456140347368,38.9,0.508149922,0.41088368241602846
47073,4.70833333322222,38.9,0.493174821,0.40090460547304385
47075,4.9555555556,38.9,0.941065729,0.6632371670859556
47083,4.83333333328571,38.9,0.482392669,0.39365745061790713
47085,5.208333333375,38.9,0.753093064,0.5613816929498088
47089,5.89062500009375,38.9,0.632831275,0.4903154865436792
47093,8.97933884289256,38.9,0.975591302,0.680867746961541
47097,4.27083333329167,38.9,0.275038302,0.24297621894348786
47105,5.84946236548387,38.9,0.728464782,0.5472336052804467
47109,4.350877193,38.9,0.544831872,0.4349150837163314
47113,6.17619047624286,38.9,0.925172806,0.6550157330613698
47115,4.85087719294737,38.9,0.760614038,0.5656626334310341
47119,6.2800000001,38.9,0.86354053,0.6224781890969586
47123,5.06547619042857,38.9,0.699493408,0.5303302113586323
47125,6.04960317466667,38.9,0.695446014,0.5279458413216891
47127,4.0,38.9,0.621310949,0.483235049773806
47129,3.44444444446667,38.9,0.233306885,0.20969908615753585
47135,4.16666666685714,38.9,0.49388814,0.40138221108288386
47141,6.14227642273171,38.9,0.753747106,0.5617547022549825
47145,5.12916666685,38.9,0.705781817,0.5340235493314618
47147,5.56372549029412,38.9,0.747146308,0.5579837757849079
47149,6.58130081305691,38.9,0.787004709,0.5805408713165162
47153,5.437500000125,38.9,0.593041658,0.46564518124512266
47155,6.03875968993023,38.9,1.2192173,0.7971545661500633
47157,10.9943910257163,38.9,0.834386528,0.6067101084438788
47161,4.42592592588889,38.9,0.288621098,0.2535727303960703
47163,6.86936936954054,38.9,0.988945246,0.6876044710866873
47165,5.88475177310638,38.9,0.588051796,0.4625079794214805
47167,4.85714285705714,38.9,0.387609422,0.32758242623165573
47169,5.5666666668,38.9,0.3491925,0.29950626534021896
47171,6.4047619045,38.9,0.732188106,0.5493854104785789
47173,4.34523809521429,38.9,0.495368302,0.40237253235487236
47177,5.36419753092593,38.9,0.552818179,0.44007146004267106
47179,6.58119658103846,38.9,0.905137062,0.6445539545469214
47185,4.46078431370588,38.9,0.577471375,0.45582316946827717
47187,7.45061728388889,38.9,0.83962369,0.6095610344002352
47189,5.92622950814754,38.9,0.708836854,0.5358129367328183
48005,6.35256410255769,35.5,0.783446252,0.5785475891137546
48009,5.33333333377778,35.5,0.343642622,0.29538430049162256
48015,5.67499999995,35.5,0.567196071,0.4492880806261642
48019,5.38888888883333,35.5,0.419093907,0.3500185742827925
48027,7.36185383245989,35.5,0.729873717,0.5480484098915961
48029,11.5007730364425,35.5,0.733167112,0.5499504353977911
48037,6.72297297298649,35.5,1.048341393,0.7170303890858415
48039,6.32862523549153,35.5,0.662255108,0.5081751792390056
48041,7.4387464388547,35.5,0.8944121,0.6389085529337728
48057,7.21568627429412,35.5,0.571401358,0.45196780595674163
48059,5.65277777775,35.5,0.779588938,0.5763824039268339
48061,7.05255255260811,35.5,0.683672011,0.5209771290356942
48071,5.55263157889474,35.5,0.723842919,0.5445560538212026
48077,4.772727273,35.5,0.379146934,0.32146514425899986
48085,9.85976039458139,35.5,0.920649707,0.6526635178615241
48089,6.509259259,35.5,0.786672831,0.5803551365952162
48091,7.02604166671875,35.5,0.752372384,0.5609705178742909
48097,6.5722222222,35.5,0.82139492,0.5996026470843339
48099,5.87943262417021,35.5,0.469134837,0.3846736812708075
48113,11.9026194760984,35.5,0.918096662,0.6513333724801883
48121,9.52557319221164,35.5,0.797325015,0.5862994567783673
48135,7.6345565750367,35.5,0.822893143,0.6004248779609866
48139,6.07801418421277,35.5,0.698790133,0.529916311222546
48141,11.583658854209,35.5,0.763117433,0.5670835109534995
48145,5.96153846153846,35.5,0.289435595,0.25420459937654005
48157,7.96889952161722,35.5,0.628791511,0.4878383355481078
48161,6.23076923061539,35.5,0.603803992,0.4723783024761085
48167,7.91450777198964,35.5,0.762122214,0.56651888606209
48177,6.3437500004375,35.5,0.66832155,0.5118180611370686
48181,6.37862318845652,35.5,0.665133953,0.5099055724485505
48183,7.59219858143617,35.5,1.255745411,0.8134804775337595
48185,5.00000000005556,35.5,0.438981563,0.3639356154534505
48187,6.34684684674324,35.5,0.480633974,0.3924703568665344
48199,5.27027027032432,35.5,0.703198671,0.5325080543009146
48201,11.4357298474953,35.5,0.785099506,0.5794741593361342
48203,5.82051282059615,35.5,0.662790358,0.5084971297266584
48209,6.70000000005,35.5,0.770617127,0.5713281451402346
48215,7.18491124262722,35.5,0.545018256,0.43503572646112804
48221,6.12777777793333,35.5,0.787066936,0.5805756926666106
48245,7.39430894306341,35.5,0.743622243,0.5559646982403965
48251,6.09965635742268,35.5,0.762912452,0.5669672436461218
48253,5.697916666625,35.5,0.402515709,0.3382675590649993
48257,7.12994350271186,35.5,0.726267099,0.5459613309783324
48273,7.75757575777273,35.5,0.85701102,0.6189682166555994
48277,6.43421052644737,35.5,0.781484842,0.5774471974673536
48285,6.39814814855556,35.5,0.395726144,0.3334148131761821
48287,4.66666666669231,35.5,0.919698775,0.6521682857106439
48291,5.10457516352941,35.5,0.480627447,0.39246594861000306
48303,8.20197044335961,35.5,0.89588654,0.6396865602700879
48309,7.02439024382317,35.5,0.870134354,0.6260102753444425
48313,4.81818181818182,35.5,1.594233036,0.9532909184050664
48321,6.7238095236,35.5,0.544588149,0.43475730458701334
48325,5.81410256411538,35.5,0.592077613,0.46503983811827887
48329,8.29340277779167,35.5,0.888324142,0.6356897383684165
48339,6.65053763451613,35.5,0.656181574,0.5045146960876356
48355,11.7937499997375,35.5,0.842631638,0.6111947878481196
48361,5.95641025646154,35.5,0.651560128,0.5017203732997839
48363,6.98611111120833,35.5,1.023192406,0.7046766629067085
48367,5.74848484843636,35.5,0.60054791,0.470346014375257
48373,5.69892473116129,35.5,0.415133506,0.347223877174505
48375,11.6510416664896,35.5,1.034447074,0.7102240738671145
48381,10.4496527778125,35.5,0.686209321,0.5224830043051796
48397,8.0944444442,35.5,0.882716954,0.632715921860158
48407,3.4666666666,35.5,0.238899693,0.21422364133905725
48409,7.07037037028889,35.5,0.775320947,0.5739812217935467
48423,7.19767441871318,35.5,0.886321783,0.6346287863068932
48425,6.466666666,35.5,0.87536931,0.6288056053605829
48439,9.58956916107058,35.5,0.849131107,0.6147158568679512
48441,7.74057971016522,35.5,1.027298808,0.7067042705176855
48451,7.72048611101042,35.5,0.833263874,0.6060979159434976
48453,11.5247553253869,35.5,0.788925529,0.5816151764941331
48469,7.3645833331875,35.5,0.870170534,0.6260296213609221
48471,5.52631578947368,35.5,0.485006362,0.39541905642057007
48473,5.52631578963158,35.5,0.435145855,0.3612664851614589
48477,6.972222222375,35.5,0.810712576,0.5937204562005804
48479,8.36428571412857,35.5,0.731054723,0.5487308892125731
48481,6.80952380951429,35.5,0.839630544,0.6095647601552736
48485,7.54444444425714,35.5,0.803273141,0.5896034252598276
48491,7.60836762688889,35.5,0.66358614,0.5089755975222673
48493,4.35632183910345,35.5,0.480556667,0.3924181434095909
48497,5.61904761905714,35.5,0.604918122,0.4730727409504859
49001,7.52777777716667,31.1,1.47907114,0.907883949696565
49005,7.52850877178947,31.1,0.676902235,0.5169481835865453
49007,7.03571428521429,31.1,0.818882465,0.5982222822751628
49011,11.5075268816903,31.1,0.6764431,0.5166743465927367
49013,5.98611111075,31.1,0.854529023,0.61763076786549
49017,7.2083333325,31.1,1.782178164,1.0232341331472905
49019,7.738095238,31.1,1.224989772,0.7997523187537054
49021,7.91358024703704,31.1,0.880064785,0.631306236354505
49023,7.547619047,31.1,1.154924989,0.7677559150612714
49025,6.23809523757143,31.1,1.010866761,0.6985658534985824
49035,13.3535188216154,31.1,0.854556382,0.6176455202893428
49037,3.04166666675,31.1,0.392721564,0.3312597925500604
49045,9.32795698925806,31.1,0.375778407,0.3190196851181708
49047,4.4,31.1,0.556018889,0.4421305651426714
49049,10.8842054264302,31.1,0.692717552,0.5263352563917414
49051,5.95833333325,31.1,0.566572249,0.4488899516360543
49053,7.90643274840351,31.1,0.789560497,0.5819700573024137
49057,11.4632183907034,31.1,0.677687347,0.5174162658929756
50007,10.7340067341717,26.8,0.712085962,0.5377124879075958
50011,8.00450450451351,26.8,0.462916374,0.38043195977541144
51001,5.36781609189655,35.2,0.651405156,0.5016265351956631
51003,7.96969696951515,35.2,0.650688648,0.5011925632652612
51005,6.95555555553333,35.2,0.544180691,0.43449347260510074
51007,3.92592592577778,35.2,0.461041957,0.3791498503575774
51009,6.42857142890476,35.2,0.631572306,0.4895441547942922
51011,4.7222222225,35.2,0.436327368,0.3620894167891785
51013,14.186219739067,35.2,1.032821178,0.7094245711120124
51015,4.50641025640385,35.2,0.37886706,0.32126219097336056
51019,4.75193798434884,35.2,0.37588805,0.3190993771897001
51021,3.9166666665,35.2,0.641128361,0.49538403025541616
51023,5.104166666625,35.2,0.475723237,0.38914819978871834
51025,4.41111111113333,35.2,0.249423206,0.22268200962022655
51027,4.47916666675,35.2,0.485130757,0.395502820230178
51029,4.25757575754545,35.2,0.174743712,0.1610500063582439
51031,6.49999999983784,35.2,0.578620017,0.456551058434754
51033,4.72222222211111,35.2,0.356448472,0.304869866401998
51035,4.62121212118182,35.2,0.332513124,0.2870667261650823
51037,4.3166666667,35.2,0.253807098,0.22618460103168908
51041,7.07142857135714,35.2,0.667141199,0.5111103026411143
51043,5.66666666672727,35.2,0.410340577,0.34383121919465964
51047,6.09999999995,35.2,0.65336293,0.502811353118179
51051,4.6249999999375,35.2,0.426196903,0.3550113931050107
51053,4.61403508773684,35.2,0.313720018,0.2728628212549799
51059,11.87254901963,35.2,0.841119647,0.6103738903618728
51061,6.11574074072222,35.2,0.728689313,0.5473634988253371
51063,5.354166666625,35.2,0.253533632,0.22596646873095122
51065,5.10256410253846,35.2,0.218802422,0.19786875532796755
51067,5.03645833334375,35.2,0.462905258,0.3804243612260819
51069,5.26086956517391,35.2,0.515809,0.4159492898369327
51071,5.78888888906667,35.2,0.840184867,0.6098660377696539
51073,6.00694444445833,35.2,0.667396367,0.5112633481506925
51075,4.86904761892857,35.2,0.368384421,0.31363078922750753
51079,5.3333333333,35.2,0.645770192,0.49820847646876953
51083,4.46236559129032,35.2,0.683852196,0.5210841423719591
51085,6.12727272721818,35.2,0.794369221,0.5846535512680121
51087,9.51078431381765,35.2,0.943774998,0.6646319575701045
51089,5.17886178863415,35.2,0.596314788,0.4676977151682079
51093,5.40972222245833,35.2,0.636182904,0.49236603144245816
51095,6.92592592588889,35.2,0.515384197,0.41566900219099745
51099,5.28787878790909,35.2,0.620868504,0.4829621191669964
51103,5.95833333333333,35.2,0.659257889,0.5063704475903765
51107,7.86522633732099,35.2,0.70958221,0.536249019025748
51113,5.00000000014286,35.2,0.375600964,0.31889070036084044
51117,5.88095238096429,35.2,0.912676394,0.6485035146222927
51121,9.56609195382759,35.2,0.792755425,0.5837537798532242
51127,5.5333333334,35.2,0.380581856,0.32250504508875466
51131,6.06944444433333,35.2,0.85667783,0.6187887778203325
51133,5.63888888891667,35.2,0.248570725,0.22199947711082785
51135,5.49999999993333,35.2,0.659630597,0.5065950456768378
51137,5.3125000001875,35.2,0.769332826,0.5706025410648095
51139,5.26984126985714,35.2,0.752099633,0.5608148590479527
51141,4.42156862747059,35.2,0.400160074,0.33658656865648523
51143,4.01893939395455,35.2,0.317460328,0.27570588940506524
51145,5.24999999992857,35.2,0.398036361,0.3350686527723811
51147,5.32142857142857,35.2,0.608536899,0.475325007440043
51149,5.1428571427619,35.2,0.413586318,0.34612996314232714
51153,8.63682678328384,35.2,0.70236975,0.5320212509753622
51155,5.9333333332,35.2,1.031383514,0.7087170949050215
51161,7.28086419796296,35.2,0.634860158,0.4915572704160648
51163,4.70370370383333,35.2,0.527310252,0.4235081830709158
51165,4.82269503555319,35.2,0.364316434,0.31065352225188303
51167,4.37500000014286,35.2,0.637970507,0.4934579797742713
51169,4.15,35.2,0.647279143,0.49912492256605256
51171,5.19871794865385,35.2,0.546634793,0.436081469383569
51173,5.22619047632143,35.2,0.598205388,0.46888136724524687
51175,3.8333333334,35.2,0.170106605,0.1570948600435256
51177,6.12676056338028,35.2,0.657281756,0.5051787638203123
51179,6.35215053772581,35.2,0.567790329,0.449667194237067
51183,5.24242424236364,35.2,0.640732288,0.49514265925019474
51185,5.537037037,35.2,0.764884412,0.5680851992889238
51187,6.90740740748148,35.2,0.667078435,0.5110726542514477
51191,5.19523809522857,35.2,0.633206069,0.49054499647401334
51193,5.7500000001875,35.2,0.165298358,0.15297715551688076
51195,5.511904762,35.2,0.752566814,0.5610814641642068
51197,5.986111111125,35.2,0.803633809,0.5898034126763048
51199,6.358333333425,35.2,0.953770995,0.669761348697091
51510,14.5110062893113,35.2,0.781220496,0.5772988012485221
51520,8.85897435876923,35.2,2.019735813,1.1051693484211824
51530,12.0000000011667,35.2,0.781005919,0.5771783277158146
51540,14.2387387388378,35.2,1.640042543,0.9707950318011105
51550,9.54508196730328,35.2,0.870406568,0.6261558232778334
51570,8.40909090945454,35.2,2.266782999,1.183805708313102
51580,12.9761904771429,35.2,1.418691278,0.8832265996717863
51590,7.62719298218421,35.2,1.730667949,1.0045462492334243
51595,7.88095238085714,35.2,1.902225614,1.0654778957543296
51600,15.6666666664706,35.2,3.32920742,1.4653844813799153
51610,15.81249999875,35.2,2.050440788,1.115286100832954
51620,7.27777777783333,35.2,1.531980038,0.9290016203645958
51630,9.437500001125,35.2,1.627560019,0.9660556661341507
51640,8.624999999125,35.2,2.223634005,1.1705092961779369
51650,11.561855670268,35.2,0.907990336,0.6460505080237499
51660,14.6481481474074,35.2,1.334486127,0.8477917928110688
51670,7.8541666663125,35.2,0.849161983,0.6147325543006582
51678,14.6666666645,35.2,1.37381506,0.8644983908782946
51680,13.7414965987755,35.2,1.177033186,0.7779630260498658
51683,13.16666666732,35.2,1.443637013,0.8934875085931501
51685,12.062500001625,35.2,0.333259284,0.2876265339095446
51690,7.06666666646667,35.2,1.618777871,0.9627077474956378
51700,10.9685039372283,35.2,0.949391842,0.6675174480348178
51710,13.2873873873622,35.2,1.037878394,0.7119092637366392
51730,7.8035714285,35.2,1.280956507,0.8245948756062155
51735,5.7500000001,35.2,0.734274268,0.5505890365542587
51740,12.1518987343797,35.2,0.925400138,0.655133810035145
51750,11.6515151505455,35.2,0.438236088,0.3634174238481527
51760,13.5910973083043,35.2,0.826780796,0.6025552899020917
51770,13.0043859649605,35.2,0.888368428,0.635713190634748
51775,10.5833333332,35.2,1.381215453,0.8676110518611239
51790,8.5500000003,35.2,1.071853876,0.7284437987443381
51800,6.01333333325333,35.2,0.734722555,0.5508474899489251
51810,10.8626799557973,35.2,1.030514359,0.7082891397764387
51820,8.07843137252941,35.2,1.275229812,0.8220810635648508
51830,10.4444444444444,35.2,1.57284224,0.9450112177781855
51840,9.65972222291667,35.2,1.94945848,1.0816215873997146
53005,10.4829683699051,31.7,0.620076954,0.48247365058522196
53009,8.78086419757407,31.7,0.486761361,0.39660017107528583
53011,10.5827380953143,31.7,0.515230477,0.4155675574237358
53015,8.93820224704494,31.7,0.610571861,0.47658930909791364
53021,10.5243055553958,31.7,0.453257799,0.3738077941770439
53025,6.81521739147826,31.7,0.533322573,0.42743699719362044
53027,10.284153005459,31.7,0.605661631,0.4735359027907091
53033,12.8835327235876,31.7,0.761547983,0.5661929582805558
53035,9.17995910020245,31.7,0.579206467,0.45692248480014397
53045,11.83333333,31.7,0.425070345,0.3542211774144874
53047,5.47222222216667,31.7,0.492726415,0.4006042566216052
53053,10.3675595238125,31.7,0.594163418,0.4663490958157701
53057,8.04901960717647,31.7,0.604026318,0.47251691704039067
53061,10.6523046094208,31.7,0.651498735,0.501683199878084
53063,11.8374741200435,31.7,0.675848365,0.5163195236231656
53065,3.75,31.7,0.496117353,0.4028733209943917
53067,9.36875000010625,31.7,0.564483762,0.4475559050381018
53071,8.91472868204651,31.7,0.522090971,0.42008502834974926
53073,7.26960784327451,31.7,0.558402896,0.4436615122206287
53075,6.36868686884849,31.7,0.525252521,0.4221599838922549
53077,7.70581655462416,31.7,0.56773293,0.4496305821661205
54009,5.96969696986364,41.0,0.922764599,0.6537640456969722
54011,8.21341463385366,41.0,1.05907917,0.7222588780106683
54019,5.64957264951282,41.0,0.546811879,0.43619596044740166
54029,6.20430107509677,41.0,0.910013676,0.6471104022423284
54033,7.4880952385,41.0,0.897263348,0.6404125047231768
54039,7.31384015594152,41.0,1.077995777,0.7314038604324297
54049,7.00564971776271,41.0,0.78624779,0.5801172130323434
54051,6.62121212124242,41.0,0.597947061,0.4687197185099724
54055,6.65986394563265,41.0,0.532115757,0.42664962786340976
54057,6.76666666635,41.0,0.486490518,0.39641798469365963
54061,7.2716666665,41.0,1.151480556,0.7661562358399232
54069,8.25000000008333,41.0,1.189840198,0.7838285722162744
54079,6.55128205138462,41.0,0.99241513,0.6893475360448134
54081,6.51169590638596,41.0,0.69939661,0.5302732527636125
54089,4.69444444416667,41.0,0.401800066,0.337757172166409
54099,5.25000000013889,41.0,0.460900307,0.37905289430074074
54103,6.64814814838889,41.0,0.805152953,0.5906453266988951
54107,7.2439613525942,41.0,0.976633132,0.6813949589362299
54109,5.13157894736842,41.0,0.248471901,0.22192032427697342
55003,4.166666667,37.7,0.583846927,0.45985665172762935
55005,6.0916666666,37.7,0.510090947,0.4121698788144158
55009,7.27616279068605,37.7,0.699142158,0.5301235107610369
55015,6.37373737363636,37.7,0.338584721,0.2916128774552107
55017,6.518115942,37.7,0.525201976,0.42212684456822674
55025,11.384199134211,37.7,0.814426601,0.5957694954887973
55029,6.41025641015385,37.7,0.968123615,0.6770806091574392
55031,10.9552845523902,37.7,0.549173951,0.4377218540321996
55035,7.6570048307971,37.7,0.788523674,0.5813905164199364
55039,6.97674418622093,37.7,0.612232983,0.47762016403794727
55047,6.34166666655,37.7,0.423101336,0.3528385295026236
55055,7.0287356322931,37.7,0.611491323,0.47716003783441013
55057,5.64583333333333,37.7,0.445964038,0.36877625344114096
55059,8.14173228340158,37.7,0.660100996,0.5068784414815709
55063,11.9593023252791,37.7,0.784796894,0.579304623883663
55071,6.84459459456757,37.7,0.507891357,0.41071222256073153
55073,6.707119741,37.7,0.553125918,0.4402696213690802
55079,13.6281602489195,37.7,0.686760843,0.5228100288432569
55083,5.43452380946429,37.7,0.390798002,0.32987768456727595
55087,7.67811704845038,37.7,0.693980932,0.5270813399681641
55089,7.40833333356667,37.7,0.732983112,0.5498442657350346
55101,10.849494949303,37.7,0.704793632,0.5334440664597707
55105,10.5536723163898,37.7,0.686762631,0.5228110888625594
55109,6.45289855082609,37.7,0.566214442,0.44866152433675316
55111,6.47807017523684,37.7,0.83787179,0.6086082663318289
55113,5.52777777788889,37.7,0.479041904,0.3913945159845014
55115,5.98888888916667,37.7,0.514882565,0.41533792110541595
55117,7.30845771129851,37.7,0.650815666,0.5012695087955299
55121,6.04545454554545,37.7,0.404299051,0.33953828221024107
55125,5.583333333,37.7,0.581499398,0.45837338311221354
55127,6.45736434123256,37.7,0.71186018,0.5375806038235809
55131,6.77309236948193,37.7,0.615632653,0.47972661556997576
55133,8.67558528427425,37.7,0.69921118,0.5301641316106924
55135,5.97967479685366,37.7,0.592136443,0.4650767891517032
55139,9.7620865140229,37.7,0.658389211,0.505846776450157
55141,7.03935185177778,37.7,0.592612982,0.4653760522584429
56005,7.33333333348,34.3,0.642728627,0.49635865621051806
56013,6.76344086022581,34.3,0.559554398,0.44440013815021906
56021,7.88725490180882,34.3,0.626273692,0.48629131922423885
56025,8.94097222191667,34.3,0.631070971,0.48923683648739674
56033,7.74603174619048,34.3,0.680426419,0.519047582041443
