"","GEOID10","NatWalkInd","County"
"1","01001",5.23437500003125,"Autauga"
"2","01003",6.45035460997872,"Baldwin"
"3","01005",5.18840579717391,"Barbour"
"4","01007",5.03333333333333,"Bibb"
"5","01009",4.66666666665714,"Blount"
"6","01011",3.97619047628571,"Bullock"
"7","01013",4.95614035073684,"Butler"
"8","01015",5.67032967031868,"Calhoun"
"9","01017",5.62121212124242,"Chambers"
"10","01019",4.19298245615789,"Cherokee"
"11","01021",4.96111111103333,"Chilton"
"12","01023",3.94444444453333,"Choctaw"
"13","01025",4.98611111104167,"Clarke"
"14","01027",3.97435897430769,"Clay"
"15","01029",4.60606060609091,"Cleburne"
"16","01031",5.68686868687879,"Coffee"
"17","01033",6.74275362321739,"Colbert"
"18","01035",4.4444444445,"Conecuh"
"19","01037",3.45454545454545,"Coosa"
"20","01039",5.27631578955263,"Covington"
"21","01041",4.7833333334,"Crenshaw"
"22","01043",5.3306451611129,"Cullman"
"23","01045",5.41860465111628,"Dale"
"24","01047",6.08974358969231,"Dallas"
"25","01049",5.06603773579245,"DeKalb"
"26","01051",5.21739130441304,"Elmore"
"27","01053",5.83333333336667,"Escambia"
"28","01055",6.23895582319277,"Etowah"
"29","01057",4.13888888905556,"Fayette"
"30","01059",4.83333333330769,"Franklin"
"31","01061",4.88194444433333,"Geneva"
"32","01063",3.9333333334,"Greene"
"33","01065",4.56410256415385,"Hale"
"34","01067",4.1770833333125,"Henry"
"35","01069",6.67857142861429,"Houston"
"36","01071",4.803030303,"Jackson"
"37","01073",9.84781209782239,"Jefferson"
"38","01075",4.8750000000625,"Lamar"
"39","01077",6.31735159826027,"Lauderdale"
"40","01079",3.75806451616129,"Lawrence"
"41","01081",6.38961038961039,"Lee"
"42","01083",5.13565891472093,"Limestone"
"43","01085",3.76388888891667,"Lowndes"
"44","01087",4.63333333335,"Macon"
"45","01089",8.44502617802094,"Madison"
"46","01091",5.25694444425,"Marengo"
"47","01093",4.89880952371429,"Marion"
"48","01095",5.74615384610769,"Marshall"
"49","01097",7.11710037179182,"Mobile"
"50","01099",4.30158730157143,"Monroe"
"51","01101",11.7060301508291,"Montgomery"
"52","01103",6.20222222218667,"Morgan"
"53","01105",4.08333333333333,"Perry"
"54","01107",4.54385964915789,"Pickens"
"55","01109",5.36231884052174,"Pike"
"56","01111",4.75925925927778,"Randolph"
"57","01113",6.30555555572222,"Russell"
"58","01115",5.52136752133333,"St. Clair"
"59","01117",6.36011904765179,"Shelby"
"60","01119",4.15476190471429,"Sumter"
"61","01121",5.48765432096296,"Talladega"
"62","01123",5.09259259261111,"Tallapoosa"
"63","01125",6.81304347818261,"Tuscaloosa"
"64","01127",5.25574712655172,"Walker"
"65","01129",3.92156862741176,"Washington"
"66","01131",4.52777777791667,"Wilcox"
"67","01133",5.043478261,"Winston"
"68","02013",5.722222222,"Aleutians East"
"69","02016",4.55555555533333,"Aleutians West"
"70","02020",10.9228971961262,"Anchorage"
"71","02050",4.38888888908333,"Bethel"
"72","02060",4.833333333,"Bristol Bay"
"73","02068",6,"Denali"
"74","02070",4.63888888883333,"Dillingham"
"75","02090",6.41666666653226,"Fairbanks North Star"
"76","02100",6.16666666666667,"Haines"
"77","02105",6.04166666675,"Hoonah-Angoon"
"78","02110",10.5434782606957,"Juneau"
"79","02122",5.3166666667,"Kenai Peninsula"
"80","02130",7.15384615376923,"Ketchikan Gateway"
"81","02150",6.2499999999,"Kodiak Island"
"82","02164",6.0833333335,"Lake and Peninsula"
"83","02170",5.41156462573469,"Matanuska-Susitna"
"84","02180",6.8500000006,"Nome"
"85","02185",5.222222222,"North Slope"
"86","02188",6.57407407411111,"Northwest Arctic"
"87","02195",8.20833333325,"Petersburg"
"88","02198",5.5666666669,"Prince of Wales-Hyder"
"89","02220",12.1515151524545,"Sitka"
"90","02230",6.833333333,"Skagway"
"91","02240",5.888888889,"Southeast Fairbanks"
"94","02275",6.16666666575,"Wrangell"
"95","02282",7.166666667,"Yakutat"
"96","02290",5.18518518533333,"Yukon-Koyukuk"
"97","04001",4.1545454546,"Apache"
"98","04003",6.16013071902941,"Cochise"
"99","04005",8.21088435360204,"Coconino"
"100","04007",5.45555555544444,"Gila"
"101","04009",5.70114942531035,"Graham"
"102","04011",3.79166666675,"Greenlee"
"103","04012",4.65909090945455,"La Paz"
"104","04013",11.3237524948966,"Maricopa"
"105","04015",7.39689265520339,"Mohave"
"106","04017",5.32051282046154,"Navajo"
"107","04019",10.7129629630413,"Pima"
"108","04021",5.94807370182412,"Pinal"
"109","04023",5.72727272748485,"Santa Cruz"
"110","04025",7.12865497075439,"Yavapai"
"111","04027",10.0129107979648,"Yuma"
"112","05001",6.16666666647619,"Arkansas"
"113","05003",5.15873015866667,"Ashley"
"114","05005",6.03333333346667,"Baxter"
"115","05007",6.62198067631159,"Benton"
"116","05009",6.4347826083913,"Boone"
"117","05011",5.24999999991667,"Bradley"
"118","05013",4.5333333332,"Calhoun"
"119","05015",5.10185185183333,"Carroll"
"120","05017",5.93055555575,"Chicot"
"121","05019",6.31578947384211,"Clark"
"122","05021",5.16666666657895,"Clay"
"123","05023",5.74242424227273,"Cleburne"
"124","05025",3.458333333375,"Cleveland"
"125","05027",5.863636364,"Columbia"
"126","05029",4.65476190478571,"Conway"
"127","05031",6.93611111136667,"Craighead"
"128","05033",5.96078431397059,"Crawford"
"129","05035",8.86111111147619,"Crittenden"
"130","05037",5.87254901941176,"Cross"
"131","05039",5.40740740733333,"Dallas"
"132","05041",6.08333333371429,"Desha"
"133","05043",5.08333333344444,"Drew"
"134","05045",6.625,"Faulkner"
"135","05047",5.32051282069231,"Franklin"
"136","05049",4.04166666658333,"Fulton"
"137","05051",7.32380952382857,"Garland"
"138","05053",4.35897435892308,"Grant"
"139","05055",5.78846153846154,"Greene"
"140","05057",5.8083333335,"Hempstead"
"141","05059",5.736111111375,"Hot Spring"
"142","05061",5.72222222216667,"Howard"
"143","05063",5.47619047607143,"Independence"
"144","05065",5.3333333334,"Izard"
"145","05067",5.87254902005882,"Jackson"
"146","05069",6.81690140838028,"Jefferson"
"147","05071",5.36111111122222,"Johnson"
"148","05073",5.1041666665,"Lafayette"
"149","05075",5.64814814816667,"Lawrence"
"150","05077",4.51515151509091,"Lee"
"151","05079",4.111111111,"Lincoln"
"152","05081",4.20512820507692,"Little River"
"153","05083",4.99999999994118,"Logan"
"154","05085",5.51315789471053,"Lonoke"
"155","05087",4.24358974369231,"Madison"
"156","05089",4.54761904771429,"Marion"
"157","05091",6.34210526310526,"Miller"
"158","05093",6.24418604648837,"Mississippi"
"159","05095",5.44444444455556,"Monroe"
"160","05097",4.3958333335,"Montgomery"
"161","05099",4.270833333375,"Nevada"
"162","05101",4.30952380971429,"Newton"
"163","05103",5.80128205142308,"Ouachita"
"164","05105",4.44444444455556,"Perry"
"165","05107",6.27083333333333,"Phillips"
"166","05109",5.49999999988889,"Pike"
"167","05111",5.4782608696087,"Poinsett"
"168","05113",5.333333333375,"Polk"
"169","05115",6.39393939412121,"Pope"
"170","05117",5.5166666667,"Prairie"
"171","05119",10.5269186714536,"Pulaski"
"172","05121",4.63541666675,"Randolph"
"173","05123",5.06790123459259,"St. Francis"
"174","05125",5.78688524590164,"Saline"
"175","05127",4.25925925933333,"Scott"
"176","05129",4.1999999999,"Searcy"
"177","05131",7.54838709663441,"Sebastian"
"178","05133",5.53030303,"Sevier"
"179","05135",5.20370370377778,"Sharp"
"180","05137",4.9999999996,"Stone"
"181","05139",6.34146341458537,"Union"
"182","05141",4.56410256423077,"Van Buren"
"183","05143",8.00150150168468,"Washington"
"184","05145",5.97101449286956,"White"
"185","05147",4.979166666625,"Woodruff"
"186","05149",4.81372549017647,"Yell"
"187","06001",14.1388092963658,"Alameda"
"188","06003",4.8333333335,"Alpine"
"189","06005",6.53571428546429,"Amador"
"190","06007",7.05897435887179,"Butte"
"191","06009",6.38333333343333,"Calaveras"
"192","06011",6.65000000075,"Colusa"
"193","06013",11.4921507065212,"Contra Costa"
"194","06015",8.69166666685,"Del Norte"
"195","06017",8.37066666692,"El Dorado"
"196","06019",11.1188455006689,"Fresno"
"197","06021",6.39855072482609,"Glenn"
"198","06023",10.5540123458704,"Humboldt"
"199","06025",8.56944444448958,"Imperial"
"200","06027",6.906250000125,"Inyo"
"201","06029",10.323099415386,"Kern"
"202","06031",10.8251028808642,"Kings"
"203","06033",9.44097222229167,"Lake"
"204","06035",7.74,"Lassen"
"205","06037",13.5723476005516,"Los Angeles"
"206","06039",8.916666666775,"Madera"
"207","06041",11.8999999996343,"Marin"
"208","06043",4.83333333341176,"Mariposa"
"209","06045",9.01687763731646,"Mendocino"
"210","06047",10.9525462962986,"Merced"
"211","06049",6.81944444416667,"Modoc"
"212","06051",9.80392156847059,"Mono"
"213","06053",11.8791130190343,"Monterey"
"214","06055",8.12735849066038,"Napa"
"215","06057",7.78666666654667,"Nevada"
"216","06059",13.1737063448634,"Orange"
"217","06061",10.2308294209577,"Placer"
"218","06063",7.97727272713636,"Plumas"
"219","06065",10.729288026032,"Riverside"
"220","06067",12.5303362573607,"Sacramento"
"221","06069",10.4208333331,"San Benito"
"222","06071",10.9180402930833,"San Bernardino"
"223","06073",12.1866295264981,"San Diego"
"224","06075",15.9572576018812,"San Francisco"
"225","06077",11.0569620251924,"San Joaquin"
"226","06079",10.7443762782577,"San Luis Obispo"
"227","06081",10.0694744421749,"San Mateo"
"228","06083",10.4957401491949,"Santa Barbara"
"229","06085",13.55488372092,"Santa Clara"
"230","06087",11.9770408163112,"Santa Cruz"
"231","06089",8.93765903314504,"Shasta"
"232","06091",5.1,"Sierra"
"233","06093",8.58108108086486,"Siskiyou"
"234","06095",12.2239766081333,"Solano"
"235","06097",10.8634797590207,"Sonoma"
"236","06099",12.0227272730455,"Stanislaus"
"237","06101",10.7956989250484,"Sutter"
"238","06103",8.41472868186047,"Tehama"
"239","06105",5.87179487176923,"Trinity"
"240","06107",7.35617283958889,"Tulare"
"241","06109",6.30208333335417,"Tuolumne"
"242","06111",11.6914728683605,"Ventura"
"243","06113",12.9289617487705,"Yolo"
"244","06115",9.61564625828571,"Yuba"
"245","08001",12.0384615386,"Adams"
"246","08003",7.70000000073333,"Alamosa"
"247","08005",12.3986928104951,"Arapahoe"
"248","08007",5.8333333334,"Archuleta"
"249","08009",5.66666666675,"Baca"
"250","08011",6.3666666666,"Bent"
"251","08013",12.34999999992,"Boulder"
"252","08014",9.40942028947826,"Broomfield"
"253","08015",7.36666666693333,"Chaffee"
"254","08017",6.16666666666667,"Cheyenne"
"255","08019",6.33333333266667,"Clear Creek"
"256","08021",4.61111111116667,"Conejos"
"257","08023",5.3333333335,"Costilla"
"258","08025",4.45833333325,"Crowley"
"259","08027",4.7083333335,"Custer"
"260","08029",6.15277777758333,"Delta"
"261","08031",14.4622314623077,"Denver"
"262","08033",6.4166666665,"Dolores"
"263","08035",8.72795698935484,"Douglas"
"264","08037",8.85057471241379,"Eagle"
"265","08039",4.53333333326667,"Elbert"
"266","08041",11.1136986302082,"El Paso"
"267","08043",6.52777777802778,"Fremont"
"268","08045",9.13425925927778,"Garfield"
"269","08047",4.66666666675,"Gilpin"
"270","08049",8.12962962966667,"Grand"
"271","08051",8.69999999995,"Gunnison"
"272","08053",6.666666667,"Hinsdale"
"273","08055",5.16666666671429,"Huerfano"
"274","08057",6.6666666685,"Jackson"
"275","08059",10.9971544713951,"Jefferson"
"276","08061",6.5,"Kiowa"
"277","08063",6.52083333325,"Kit Carson"
"278","08065",7.708333333375,"Lake"
"279","08067",6.68181818157576,"La Plata"
"280","08069",10.3923611108958,"Larimer"
"281","08071",6.68627450947059,"Las Animas"
"282","08073",6.3,"Lincoln"
"283","08075",7.3437500003125,"Logan"
"284","08077",7.68939393973864,"Mesa"
"285","08079",7.166666667,"Mineral"
"286","08081",6.57777777793333,"Moffat"
"287","08083",6.65909090895455,"Montezuma"
"288","08085",6.29292929290909,"Montrose"
"289","08087",6.46000000008,"Morgan"
"290","08089",8.483333333,"Otero"
"291","08091",6.375,"Ouray"
"292","08093",5,"Park"
"293","08095",7.25000000066667,"Phillips"
"294","08097",9.65384615415385,"Pitkin"
"295","08099",8.36904761864286,"Prowers"
"296","08101",7.23507462687313,"Pueblo"
"297","08103",6.69047619057143,"Rio Blanco"
"298","08105",6.3999999999,"Rio Grande"
"299","08107",7,"Routt"
"300","08109",6.08333333383333,"Saguache"
"301","08111",7,"San Juan"
"302","08113",7.444444444,"San Miguel"
"303","08115",6.44444444466667,"Sedgwick"
"304","08117",7.11363636368182,"Summit"
"305","08119",6.31111111093333,"Teller"
"306","08121",5.3666666668,"Washington"
"307","08123",7.32380952386286,"Weld"
"308","08125",5.74074074066667,"Yuma"
"309","09001",10.3442915392569,"Fairfield"
"310","09003",10.7001499249925,"Hartford"
"311","09005",7.50233100248252,"Litchfield"
"312","09007",8.89635854342857,"Middlesex"
"313","09009",11.2255838640732,"New Haven"
"314","09011",9.21453900689894,"New London"
"315","09013",6.71598639459184,"Tolland"
"316","09015",6.75568181821591,"Windham"
"317","10001",8.38497652559155,"Kent"
"319","10003",11.7959927143224,"New Castle"
"321","10005",8.24185463638346,"Sussex"
"323","11001",14.4714814815267,"District of Columbia"
"324","12001",10.2763440857613,"Alachua"
"325","12003",5.68055555525,"Baker"
"326","12005",10.2993827160833,"Bay"
"328","12007",5.40740740755556,"Bradford"
"329","12009",10.1169312168159,"Brevard"
"331","12011",12.4653518122303,"Broward"
"333","12013",4.9166666669,"Calhoun"
"334","12015",7.30218068517757,"Charlotte"
"336","12017",6.93295019150575,"Citrus"
"338","12019",7.10905349806173,"Clay"
"339","12021",7.26215277775521,"Collier"
"341","12023",6.491666666575,"Columbia"
"342","12027",6.01282051288462,"DeSoto"
"344","12031",11.4301295160266,"Duval"
"346","12033",10.1947368421789,"Escambia"
"348","12035",6.68300653598039,"Flagler"
"351","12039",4.619791666625,"Gadsden"
"353","12043",4.4833333332,"Glades"
"358","12051",6.38194444454167,"Hendry"
"360","12053",8.48742138373585,"Hernando"
"363","12057",10.5944189603417,"Hillsborough"
"366","12061",7.39560439563736,"Indian River"
"368","12063",5.18803418797436,"Jackson"
"369","12065",5.4333333333,"Jefferson"
"372","12069",7.26689189182432,"Lake"
"373","12071",9.44010416666211,"Lee"
"375","12073",9.94915254238983,"Leon"
"378","12079",5.1770833335625,"Madison"
"379","12081",11.2536231882029,"Manatee"
"381","12083",7.42292870909249,"Marion"
"383","12085",7.05615942034783,"Martin"
"384","12086",13.9256572029716,"Miami-Dade"
"385","12087",7.34848484845455,"Monroe"
"387","12089",6.49145299138462,"Nassau"
"389","12091",7.83478260866957,"Okaloosa"
"391","12093",6.04320987651852,"Okeechobee"
"393","12095",11.7067736185989,"Orange"
"395","12097",10.1776315789211,"Osceola"
"396","12099",10.8930602957463,"Palm Beach"
"398","12101",9.08034744852769,"Pasco"
"400","12103",12.8905887808275,"Pinellas"
"402","12105",8.15101010088788,"Polk"
"405","12109",8.4145833333125,"St. Johns"
"407","12111",7.26258992802158,"St. Lucie"
"409","12113",6.39826839818182,"Santa Rosa"
"411","12115",11.7729083665817,"Sarasota"
"413","12117",9.66028368771064,"Seminole"
"414","12119",5.75,"Sumter"
"419","12127",10.7575231481944,"Volusia"
"421","12129",5.3095238095,"Wakulla"
"431","13013",5.96078431361765,"Barrow"
"435","13021",7.21693121690476,"Bibb"
"436","13023",6.166666666625,"Bleckley"
"439","13029",6.24358974361538,"Bryan"
"441","13031",6.3968253972619,"Bulloch"
"443","13035",6.03571428528571,"Butts"
"445","13039",6.09722222229167,"Camden"
"448","13045",6.12893081756604,"Carroll"
"449","13047",6.08333333338235,"Catoosa"
"450","13049",4.888888889,"Charlton"
"451","13051",11.5927750409212,"Chatham"
"453","13053",5.2666666667,"Chattahoochee"
"454","13055",5.09848484827273,"Chattooga"
"455","13057",6.95098039217647,"Cherokee"
"456","13059",7.31944444447222,"Clarke"
"458","13063",9.154666666552,"Clayton"
"461","13067",8.92714285705429,"Cobb"
"462","13069",5.84567901251852,"Coffee"
"464","13073",6.91515151516364,"Columbia"
"466","13077",6.07017543873684,"Coweta"
"467","13079",4.125000000125,"Crawford"
"468","13081",6.4333333331,"Crisp"
"469","13083",5.3541666665,"Dade"
"472","13089",11.2442159383496,"DeKalb"
"476","13095",8.13526570018841,"Dougherty"
"477","13097",6.38484848496364,"Douglas"
"478","13099",4.48717948723077,"Early"
"479","13101",3.33333333333333,"Echols"
"480","13103",4.82575757563636,"Effingham"
"481","13105",5.23333333325,"Elbert"
"484","13111",5.8703703705,"Fannin"
"485","13113",6.6292517007551,"Fayette"
"486","13115",6.07738095241071,"Floyd"
"487","13117",6.4753086420463,"Forsyth"
"488","13119",5.562500000125,"Franklin"
"489","13121",11.572437077825,"Fulton"
"491","13123",5.000000000125,"Gilmer"
"492","13125",3.611111111,"Glascock"
"493","13127",7.66049382733333,"Glynn"
"498","13135",8.75186368475399,"Gwinnett"
"499","13137",6.51282051276923,"Habersham"
"500","13139",6.25555555555556,"Hall"
"501","13141",2.97619047628571,"Hancock"
"502","13143",5.21568627447059,"Haralson"
"503","13145",4.40625,"Harris"
"506","13151",6.45238095238095,"Henry"
"507","13153",6.95945945936487,"Houston"
"509","13157",5.55747126431034,"Jackson"
"510","13159",4.66666666657143,"Jasper"
"515","13169",4.13636363627273,"Jones"
"519","13177",5.19230769246154,"Lee"
"520","13179",5.73655913970968,"Liberty"
"524","13185",6.81400966182609,"Lowndes"
"527","13191",4.81481481477778,"McIntosh"
"529","13193",4.94871794876923,"Macon"
"530","13195",4.8125,"Madison"
"531","13197",4.1999999998,"Marion"
"534","13205",5.36274509847059,"Mitchell"
"535","13207",5.08333333342857,"Monroe"
"537","13211",5.59259259255556,"Morgan"
"538","13213",4.0384615385,"Murray"
"539","13215",7.591999999968,"Muscogee"
"540","13217",6.068627451,"Newton"
"541","13219",6.2976190475,"Oconee"
"543","13223",5.93478260858696,"Paulding"
"544","13225",5.95833333325,"Peach"
"545","13227",5.73529411758824,"Pickens"
"547","13231",4.875,"Pike"
"548","13233",5.95833333334375,"Polk"
"553","13243",4.78571428585714,"Randolph"
"554","13245",7.36309523822143,"Richmond"
"555","13247",5.85869565219565,"Rockdale"
"558","13253",4.33333333333333,"Seminole"
"559","13255",6.5857142856,"Spalding"
"564","13265",2.72222222233333,"Taliaferro"
"568","13273",5.9166666661,"Terrell"
"576","13289",3.708333333125,"Twiggs"
"577","13291",5.47619047614286,"Union"
"578","13293",5.5079365077619,"Upson"
"579","13295",5.231884058,"Walker"
"580","13297",5.86403508768421,"Walton"
"586","13309",3.638888889,"Wheeler"
"588","13313",5.82629107983099,"Whitfield"
"590","13317",4.87878787872727,"Wilkes"
"593","15001",5.62578616349057,"Hawaii"
"595","15003",12.1586067934387,"Honolulu"
"597","15005",4.833333333,"Kalawao"
"599","15007",6.34591194967925,"Kauai"
"601","15009",6.93434343448485,"Maui"
"603","16001",12.216962524503,"Ada"
"605","16005",7.43220338988136,"Bannock"
"608","16009",4.5666666666,"Benewah"
"610","16011",3.25,"Bingham"
"619","16027",9.79365079375,"Canyon"
"623","16035",5.85416666625,"Clearwater"
"631","16049",3.6666666666,"Idaho"
"635","16055",7.84090909083333,"Kootenai"
"636","16057",6.76881720425806,"Latah"
"638","16061",6.566666666,"Lewis"
"643","16069",4.0666666666,"Nez Perce"
"651","16083",7.43396226409434,"Twin Falls"
"654","17001",7.23770491808197,"Adams"
"657","17007",6.42592592588889,"Boone"
"663","17019",11.3499999999267,"Champaign"
"665","17023",5.8250000002,"Clark"
"667","17027",6.62365591419355,"Clinton"
"668","17029",6.93137254894118,"Coles"
"669","17031",13.6418964076815,"Cook"
"671","17033",6.41666666675,"Crawford"
"673","17037",7.30555555581667,"DeKalb"
"676","17043",10.5334954078784,"DuPage"
"677","17045",6.2916666665,"Edgar"
"682","17055",5.93089430885366,"Franklin"
"686","17063",6.70588235317647,"Grundy"
"691","17073",5.99038461540385,"Henry"
"693","17077",6.89308176084906,"Jackson"
"695","17081",5.48648648637838,"Jefferson"
"696","17083",5.39814814805556,"Jersey"
"697","17085",6.17307692311539,"Jo Daviess"
"699","17089",10.7317518249124,"Kane"
"700","17091",6.79166666672619,"Kankakee"
"701","17093",7.1068376068718,"Kendall"
"702","17095",6.2356321837931,"Knox"
"703","17097",10.2443890275935,"Lake"
"706","17101",5.81481481477778,"Lawrence"
"707","17103",5.99999999994737,"Lee"
"710","17109",5.62254901952941,"McDonough"
"711","17111",8.3302845527561,"McHenry"
"712","17113",10.7561728390833,"McLean"
"713","17115",7.01851851858586,"Macon"
"715","17119",7.38803418801026,"Madison"
"720","17129",5.32051282076923,"Menard"
"721","17131",4.69298245610526,"Mercer"
"722","17133",6.2666666668,"Monroe"
"727","17143",10.9243498818794,"Peoria"
"728","17145",5.37121212145455,"Perry"
"736","17161",7.41091954014655,"Rock Island"
"737","17163",10.8291457285226,"St. Clair"
"739","17167",10.52129629605,"Sangamon"
"744","17177",6.44897959169388,"Stephenson"
"745","17179",8.79651162805814,"Tazewell"
"747","17183",6.60353535359091,"Vermilion"
"749","17187",6.0984848485,"Warren"
"753","17195",6.59259259274603,"Whiteside"
"754","17197",9.16027280472123,"Will"
"756","17199",6.49404761903571,"Williamson"
"757","17201",7.1666666666374,"Winnebago"
"759","17203",5.84444444446667,"Woodford"
"760","18001",5.7611111113,"Adams"
"761","18003",10.0393258426966,"Allen"
"763","18005",6.52824858774576,"Bartholomew"
"764","18007",5.96969697009091,"Benton"
"766","18011",6.53603603597297,"Boone"
"770","18019",9.07432432464865,"Clark"
"771","18021",6.24691358018519,"Clay"
"775","18029",5.89215686279412,"Dearborn"
"777","18033",6.29047619054286,"DeKalb"
"778","18035",7.36633663378218,"Delaware"
"780","18039",7.324000000136,"Elkhart"
"782","18043",8.45197740133898,"Floyd"
"786","18051",6.79885057455172,"Gibson"
"787","18053",6.79938271624074,"Grant"
"789","18057",7.9380952382,"Hamilton"
"790","18059",6.60360360351351,"Hancock"
"791","18061",4.30434782617391,"Harrison"
"792","18063",6.74871794886154,"Hendricks"
"794","18067",6.9166666665,"Howard"
"797","18073",5.93333333352,"Jasper"
"801","18081",7.51801801822973,"Johnson"
"805","18089",8.15512465384488,"Lake"
"807","18091",7.23694779119277,"LaPorte"
"810","18095",7.0733944956055,"Madison"
"811","18097",11.5643459914731,"Marion"
"812","18099",5.64035087702632,"Marshall"
"815","18105",10.1017543856737,"Monroe"
"817","18109",6.07777777788889,"Morgan"
"818","18111",5.25641025653846,"Newton"
"823","18121",4.91228070184211,"Parke"
"826","18127",7.10642570298795,"Porter"
"828","18129",5.77777777795833,"Posey"
"834","18141",7.80983847280617,"St. Joseph"
"836","18145",5.938095238,"Shelby"
"840","18153",6.1166666667,"Sullivan"
"842","18157",10.851307189598,"Tippecanoe"
"843","18159",5.24509803917647,"Tipton"
"845","18163",7.70780590705063,"Vanderburgh"
"847","18165",5.85964912289474,"Vermillion"
"848","18167",10.6507092200426,"Vigo"
"849","18169",6.54545454527273,"Wabash"
"851","18173",6.44961240332558,"Warrick"
"853","18177",6.73397435894231,"Wayne"
"854","18179",5.6346153845,"Wells"
"856","18183",5.19642857182143,"Whitley"
"861","19009",4.83333333322222,"Audubon"
"863","19013",7.84653465361386,"Black Hawk"
"864","19015",7.09649122836842,"Boone"
"865","19017",6.7666666668,"Bremer"
"868","19023",5.85714285714286,"Butler"
"871","19029",6.53333333366667,"Cass"
"872","19031",6.0916666668,"Cedar"
"874","19035",6.09523809514286,"Cherokee"
"875","19037",5.41666666657143,"Chickasaw"
"877","19041",6.84259259272222,"Clay"
"878","19043",5.73684210521053,"Clayton"
"879","19045",9.2291666663125,"Clinton"
"880","19047",6.38235294082353,"Crawford"
"881","19049",7.6356589144186,"Dallas"
"882","19051",5.541666666625,"Davis"
"885","19057",11.9263565891395,"Des Moines"
"886","19059",7.2999999996,"Dickinson"
"887","19061",7.4229166668,"Dubuque"
"888","19063",6.83333333336364,"Emmet"
"889","19065",6.05303030313636,"Fayette"
"890","19067",5.95098039217647,"Floyd"
"891","19069",5.60606060590909,"Franklin"
"893","19073",5.70370370411111,"Greene"
"897","19081",5.16666666661538,"Hancock"
"898","19083",6.1333333334,"Hardin"
"899","19085",5.63095238092857,"Harrison"
"903","19093",6.21428571428571,"Ida"
"906","19099",7.0047619048,"Jasper"
"907","19101",7.076923077,"Jefferson"
"908","19103",9.33564814793056,"Johnson"
"909","19105",6.45370370372222,"Jones"
"910","19107",4.97435897430769,"Keokuk"
"912","19111",7.43137254864706,"Lee"
"913","19113",11.5875912409635,"Linn"
"914","19115",5.29166666666667,"Louisa"
"917","19121",6.19444444458333,"Madison"
"919","19125",6.67261904767857,"Marion"
"921","19129",5.47435897407692,"Mills"
"922","19131",5.90277777783333,"Mitchell"
"924","19135",5.833333333375,"Monroe"
"926","19139",9.33333333367647,"Muscatine"
"927","19141",6.6041666664375,"O'Brien"
"928","19143",5.333333333375,"Osceola"
"929","19145",6.68421052621053,"Page"
"932","19151",5.87037037011111,"Pocahontas"
"933","19153",11.8123620308411,"Polk"
"934","19155",7.22043010746237,"Pottawattamie"
"935","19157",5.77450980405882,"Poweshiek"
"937","19161",5.9166666666875,"Sac"
"938","19163",7.99462365592742,"Scott"
"940","19167",6.71794871780769,"Sioux"
"941","19169",7.39682539674603,"Story"
"942","19171",5.29166666655,"Tama"
"943","19173",4.64814814822222,"Taylor"
"944","19175",6.51111111133333,"Union"
"947","19181",6.448275862,"Warren"
"949","19185",5.63888888883333,"Wayne"
"950","19187",10.3245614036579,"Webster"
"951","19189",6.60714285735714,"Winnebago"
"953","19193",11.9552469137315,"Woodbury"
"954","19195",4.85,"Worth"
"955","19197",6.26923076923077,"Wright"
"958","20005",6.1041666669375,"Atchison"
"962","20013",6.68181818218182,"Brown"
"963","20015",6.37301587302381,"Butler"
"969","20027",6.00000000033333,"Clay"
"973","20035",6.66161616157576,"Cowley"
"976","20041",6.33333333315789,"Dickinson"
"977","20043",5.0166666667,"Doniphan"
"978","20045",8.55128205147692,"Douglas"
"981","20051",8.39333333336,"Ellis"
"982","20053",7.13888888833333,"Ellsworth"
"986","20061",7.01333333324,"Geary"
"995","20079",7.05555555559259,"Harvey"
"996","20081",6.2916666665,"Haskell"
"997","20083",7,"Hodgeman"
"998","20085",5.56060606090909,"Jackson"
"999","20087",5.4333333334,"Jefferson"
"1000","20089",4.4583333335,"Jewell"
"1001","20091",10.622641509566,"Johnson"
"1008","20103",6.75000000008333,"Leavenworth"
"1010","20105",5.58333333325,"Lincoln"
"1013","20111",7.49479166690625,"Lyon"
"1014","20113",6.95402298827586,"McPherson"
"1015","20115",5.70238095235714,"Marion"
"1016","20117",6.30303030372727,"Marshall"
"1018","20121",6.31111111126667,"Miami"
"1019","20123",7.833333334,"Mitchell"
"1023","20131",5.51851851833333,"Nemaha"
"1027","20139",4.98888888886667,"Osage"
"1028","20141",7.0833333335,"Osborne"
"1029","20143",5.02777777783333,"Ottawa"
"1031","20147",5.97619047614286,"Phillips"
"1032","20149",5.96666666673333,"Pottawatomie"
"1035","20155",7.1073446329661,"Reno"
"1038","20161",7.74822695008511,"Riley"
"1043","20169",11.6518518520222,"Saline"
"1045","20173",10.9733514002764,"Sedgwick"
"1047","20177",11.1111111113481,"Shawnee"
"1049","20181",7.437499999375,"Sherman"
"1050","20183",6.6666666664,"Smith"
"1051","20185",6.16666666675,"Stafford"
"1057","20197",4.479166666625,"Wabaunsee"
"1061","20205",6.11111111116667,"Wilson"
"1062","20207",6.333333333,"Woodson"
"1063","20209",10.5662525877578,"Wyandotte"
"1065","21003",5.0222222224,"Allen"
"1071","21015",8.19883040935088,"Boone"
"1073","21017",5.80555555533333,"Bourbon"
"1074","21019",7.31981981994595,"Boyd"
"1075","21021",7.07575757577273,"Boyle"
"1077","21025",3.83333333338462,"Breathitt"
"1079","21029",5.7282608696087,"Bullitt"
"1081","21031",3.83333333333333,"Butler"
"1082","21033",5.81944444466667,"Caldwell"
"1083","21035",6.19354838693548,"Calloway"
"1084","21037",11.0774647888451,"Campbell"
"1089","21047",6.29666666652,"Christian"
"1091","21049",6.06410256415385,"Clark"
"1094","21055",4.2999999999,"Crittenden"
"1096","21059",7.12009803919118,"Daviess"
"1097","21061",3.8833333333,"Edmonson"
"1099","21063",3.416666666625,"Elliott"
"1100","21065",4.59722222216667,"Estill"
"1101","21067",11.0905448718846,"Fayette"
"1102","21069",3.95454545445455,"Fleming"
"1103","21071",4.76829268304878,"Floyd"
"1104","21073",6.94736842110526,"Franklin"
"1108","21081",4.76666666653333,"Grant"
"1109","21083",5.24137931034483,"Graves"
"1111","21087",3.53030303018182,"Green"
"1112","21089",6.20114942531035,"Greenup"
"1114","21093",6.13184079610448,"Hardin"
"1119","21101",5.95833333359375,"Henderson"
"1120","21103",4.32142857135714,"Henry"
"1124","21111",11.7465156796516,"Jefferson"
"1126","21113",7.97777777786667,"Jessamine"
"1128","21117",11.0059523812768,"Kenton"
"1130","21121",5.2037037037037,"Knox"
"1133","21127",4.29761904757143,"Lawrence"
"1135","21131",3.16666666641667,"Leslie"
"1137","21135",4.06060606027273,"Lewis"
"1138","21137",4.51754385989474,"Lincoln"
"1139","21139",3.90740740722222,"Livingston"
"1142","21145",7.04716981145283,"McCracken"
"1145","21151",6.35000000002,"Madison"
"1155","21171",4.0666666665,"Monroe"
"1156","21173",5.76851851866667,"Montgomery"
"1159","21179",5.43478260847826,"Nelson"
"1161","21183",4.225,"Ohio"
"1162","21185",6.02777777775,"Oldham"
"1164","21189",3.0333333334,"Owsley"
"1165","21191",4.77272727272727,"Pendleton"
"1167","21195",4.16935483870968,"Pike"
"1169","21199",5.64341085281395,"Pulaski"
"1174","21209",7.00462962975,"Scott"
"1175","21211",5.39880952389286,"Shelby"
"1177","21215",4.57407407411111,"Spencer"
"1178","21217",5.92857142861905,"Taylor"
"1181","21223",4.52777777783333,"Trimble"
"1183","21227",6.69369369381081,"Warren"
"1184","21229",4.185185185,"Washington"
"1185","21231",4.68627450970588,"Wayne"
"1187","21235",5.17241379313793,"Whitley"
"1188","21237",4.04761904757143,"Wolfe"
"1189","21239",5.75,"Woodford"
"1192","22005",6.66269841278571,"Ascension"
"1193","22007",4.23529411764706,"Assumption"
"1194","22009",5.21354166653125,"Avoyelles"
"1197","22015",5.83105022834247,"Bossier"
"1198","22017",6.98632478631282,"Caddo"
"1200","22019",7.23529411773529,"Calcasieu"
"1202","22021",4.11111111111111,"Caldwell"
"1204","22025",5.27083333275,"Catahoula"
"1206","22029",6.20370370338889,"Concordia"
"1208","22033",7.1490066225298,"East Baton Rouge"
"1210","22035",6.437499999625,"East Carroll"
"1214","22043",3.5777777778,"Grant"
"1215","22045",6.66666666667925,"Iberia"
"1219","22051",9.41260162591159,"Jefferson"
"1221","22053",6.17307692296154,"Jefferson Davis"
"1222","22055",7.92635658911628,"Lafayette"
"1224","22057",6.06862745094118,"Lafourche"
"1228","22063",5.37037037035185,"Livingston"
"1231","22069",5.78571428588571,"Natchitoches"
"1232","22071",13.8475033737206,"Orleans"
"1234","22073",6.83482142854464,"Ouachita"
"1236","22075",5.47826086952174,"Plaquemines"
"1239","22079",6.45138888884375,"Rapides"
"1243","22085",4.15217391313043,"Sabine"
"1244","22087",7.20748299320408,"St. Bernard"
"1246","22089",6.25000000014706,"St. Charles"
"1248","22093",5.24074074072222,"St. James"
"1249","22095",6.70555555526667,"St. John the Baptist"
"1251","22099",5.19791666675,"St. Martin"
"1252","22101",7.30370370391111,"St. Mary"
"1254","22103",6.965333333352,"St. Tammany"
"1257","22107",4.61111111116667,"Tensas"
"1258","22109",6.46969696976623,"Terrebonne"
"1264","22119",5.85897435897436,"Webster"
"1265","22121",6.24999999992857,"West Baton Rouge"
"1266","22123",3.893939394,"West Carroll"
"1269","23001",7.55787037016667,"Androscoggin"
"1271","23005",9.92845911942453,"Cumberland"
"1275","23011",6.85113268614563,"Kennebec"
"1279","23019",6.45584045587179,"Penobscot"
"1283","23027",5.51960784308824,"Waldo"
"1285","23031",6.90287769788489,"York"
"1287","24001",9.59259259242593,"Allegany"
"1288","24003",9.31720430109677,"Anne Arundel"
"1290","24005",10.6634980987662,"Baltimore"
"1292","24009",6.04545454534091,"Calvert"
"1295","24013",6.44025157236792,"Carroll"
"1296","24015",7.00877192970175,"Cecil"
"1297","24017",6.34375000015,"Charles"
"1300","24021",8.70614035082105,"Frederick"
"1301","24023",5.69696969709091,"Garrett"
"1302","24025",8.41417165675449,"Harford"
"1303","24027",10.0281385280714,"Howard"
"1305","24031",12.5491313788502,"Montgomery"
"1306","24033",11.2214786487667,"Prince George's"
"1307","24035",6.15333333348,"Queen Anne's"
"1309","24037",5.92121212118182,"St. Mary's"
"1311","24039",5.25000000011111,"Somerset"
"1314","24043",6.77719298241053,"Washington"
"1315","24045",7.17605633816901,"Wicomico"
"1317","24510",14.1444614597351,"Baltimore"
"1318","25001",9.01452991464103,"Barnstable"
"1320","25003",9.1631701635035,"Berkshire"
"1321","25005",11.5701981052041,"Bristol"
"1323","25007",11.375000001,"Dukes"
"1325","25009",12.1678899082569,"Essex"
"1327","25011",7.99462365575806,"Franklin"
"1328","25013",11.3333333333056,"Hampden"
"1329","25015",8.9777777777619,"Hampshire"
"1330","25017",12.4686395758648,"Middlesex"
"1333","25021",11.6374824190781,"Norfolk"
"1334","25023",9.27715877436769,"Plymouth"
"1336","25025",15.0772292993455,"Suffolk"
"1338","25027",9.83928571437857,"Worcester"
"1339","26001",3.5,"Alcona"
"1341","26003",6.28571428528571,"Alger"
"1343","26005",5.37999999996,"Allegan"
"1345","26007",6.45959595987879,"Alpena"
"1349","26013",5.761904762,"Baraga"
"1351","26015",5.13257575756818,"Barry"
"1352","26017",7.54528985513043,"Bay"
"1354","26019",6.23076923092308,"Benzie"
"1356","26021",6.35198135202797,"Berrien"
"1359","26025",6.21652421661538,"Calhoun"
"1360","26027",4.69927536234783,"Cass"
"1361","26029",6.46666666696,"Charlevoix"
"1365","26035",5.09259259262963,"Clare"
"1366","26037",6.40432098757407,"Clinton"
"1370","26045",6.6833333333375,"Eaton"
"1372","26049",9.05570530111321,"Genesee"
"1374","26051",4.284722222125,"Gladwin"
"1376","26055",8.44642857125,"Grand Traverse"
"1378","26057",5.46396396397297,"Gratiot"
"1379","26059",4.86991869921951,"Hillsdale"
"1380","26061",6.75000000014706,"Houghton"
"1383","26065",11.2296137339313,"Ingham"
"1385","26067",5.28148148155556,"Ionia"
"1387","26069",5.84615384611539,"Iosco"
"1389","26071",5.9,"Iron"
"1390","26073",6.47286821681395,"Isabella"
"1391","26075",5.97837150133588,"Jackson"
"1392","26077",6.79365079370899,"Kalamazoo"
"1394","26081",10.3920308484344,"Kent"
"1395","26083",5.1666666665,"Keweenaw"
"1398","26087",4.72135416673438,"Lapeer"
"1400","26091",6.02032520323171,"Lenawee"
"1401","26093",6.15929203525664,"Livingston"
"1404","26099",7.66050375131351,"Macomb"
"1406","26101",6.25925925937037,"Manistee"
"1408","26103",7.21111111121667,"Marquette"
"1413","26111",5.86153846141538,"Midland"
"1415","26115",5.72814207641803,"Monroe"
"1418","26119",4.71212121218182,"Montmorency"
"1419","26121",6.85644768853285,"Muskegon"
"1422","26125",7.81832797425509,"Oakland"
"1424","26127",5.16666666659091,"Oceana"
"1431","26139",6.62445887433766,"Ottawa"
"1435","26145",6.6358381502948,"Saginaw"
"1436","26147",6.24817518248175,"St. Clair"
"1438","26149",5.05952380928571,"St. Joseph"
"1440","26153",5.61111111116667,"Schoolcraft"
"1442","26155",5.72321428566071,"Shiawassee"
"1443","26157",4.56802721089796,"Tuscola"
"1445","26159",5.23232323231818,"Van Buren"
"1447","26161",10.270666666716,"Washtenaw"
"1449","26163",10.5654334622098,"Wayne"
"1451","26165",6.54166666679167,"Wexford"
"1452","27001",4.90196078429412,"Aitkin"
"1453","27003",9.27234042540851,"Anoka"
"1454","27005",5.58333333321429,"Becker"
"1455","27007",5.84343434348485,"Beltrami"
"1456","27009",6.19642857135714,"Benton"
"1458","27013",7.22962962957778,"Blue Earth"
"1460","27017",5.82183908027586,"Carlton"
"1461","27019",7.38043478234783,"Carver"
"1462","27021",6.11904761885714,"Cass"
"1465","27025",6.14444444456667,"Chisago"
"1466","27027",10.5416666659773,"Clay"
"1467","27029",4.5333333333,"Clearwater"
"1468","27031",6.7333333334,"Cook"
"1470","27033",5.69230769230769,"Cottonwood"
"1472","27037",10.1724137929095,"Dakota"
"1474","27041",6.43333333332,"Douglas"
"1475","27043",6.11111111105556,"Faribault"
"1477","27047",6.44086021470968,"Freeborn"
"1478","27049",6.83783783781081,"Goodhue"
"1479","27051",6.4666666668,"Grant"
"1480","27053",12.5231481482819,"Hennepin"
"1482","27055",7.10256410215385,"Houston"
"1483","27057",5.50980392176471,"Hubbard"
"1484","27059",5.43939393940909,"Isanti"
"1485","27061",5.19105691060976,"Itasca"
"1486","27063",5.33333333330769,"Jackson"
"1487","27065",5.0357142855,"Kanabec"
"1488","27067",6.63725490164706,"Kandiyohi"
"1489","27069",5.85714285714286,"Kittson"
"1490","27071",6.92857142857143,"Koochiching"
"1491","27073",5.6875,"Lac qui Parle"
"1492","27075",6.36111111091667,"Lake"
"1494","27077",4.66666666666667,"Lake of the Woods"
"1496","27081",6.2333333334,"Lincoln"
"1497","27083",7.03472222191667,"Lyon"
"1499","27087",4.6,"Mahnomen"
"1500","27089",5.01388888883333,"Marshall"
"1501","27091",6.56349206314286,"Martin"
"1502","27093",5.56060606077273,"Meeker"
"1503","27095",6.63636363627273,"Mille Lacs"
"1505","27097",5.62222222216667,"Morrison"
"1506","27099",7.55392156855882,"Mower"
"1507","27101",5.25,"Murray"
"1508","27103",6.61904761919048,"Nicollet"
"1509","27105",6.00757575754545,"Nobles"
"1511","27109",7.77327327331531,"Olmsted"
"1513","27113",6.40476190471429,"Pennington"
"1515","27117",6.712121212,"Pipestone"
"1516","27119",7.27083333334375,"Polk"
"1518","27123",13.2095833333,"Ramsey"
"1520","27125",5.8333333332,"Red Lake"
"1521","27127",6.3125,"Redwood"
"1522","27129",5.60784313729412,"Renville"
"1523","27131",7.25193798467442,"Rice"
"1524","27133",6.03703703688889,"Rock"
"1526","27137",9.18979266346411,"St. Louis"
"1528","27139",8.33606557362295,"Scott"
"1529","27141",5.966666666775,"Sherburne"
"1530","27143",5.3125000001875,"Sibley"
"1531","27145",7.44557823131633,"Stearns"
"1533","27149",5.78787878809091,"Stevens"
"1535","27153",4.73333333332,"Todd"
"1536","27155",6.3000000002,"Traverse"
"1537","27157",7.59649122784211,"Wabasha"
"1538","27159",5.74509803929412,"Wadena"
"1539","27161",6.2777777778,"Waseca"
"1540","27163",8.4829683699854,"Washington"
"1543","27169",7.67543859668421,"Winona"
"1544","27171",6.50769230767692,"Wright"
"1546","28001",6.00000000003226,"Adams"
"1549","28007",5.14705882376471,"Attala"
"1562","28033",6.31565656566667,"DeSoto"
"1563","28035",7.63522012588679,"Forrest"
"1568","28045",6.04687500003125,"Hancock"
"1570","28047",7.0684079601194,"Harrison"
"1572","28049",9.73513513512973,"Hinds"
"1577","28059",6.325,"Jackson"
"1583","28069",3.51851851855556,"Kemper"
"1585","28073",6.22619047610714,"Lamar"
"1586","28075",6.57692307723077,"Lauderdale"
"1589","28079",3.72222222211111,"Leake"
"1593","28087",6.68560606054545,"Lowndes"
"1594","28089",6.60833333338333,"Madison"
"1599","28099",4.68055555554167,"Neshoba"
"1600","28101",4,"Newton"
"1610","28121",6.26126126128378,"Rankin"
"1612","28123",4.643939394,"Scott"
"1616","28131",5.20370370377778,"Stone"
"1626","28151",7.5925925925,"Washington"
"1634","29003",5.46428571407143,"Andrew"
"1639","29013",6.04761904792857,"Bates"
"1640","29015",5.583333333625,"Benton"
"1642","29019",7.61302682002299,"Boone"
"1643","29021",8.40046296283333,"Buchanan"
"1646","29027",5.87745098032353,"Callaway"
"1648","29031",6.98809523791071,"Cape Girardeau"
"1651","29037",7.0087719298421,"Cass"
"1652","29039",5.55952380935714,"Cedar"
"1653","29041",5.796296296,"Chariton"
"1654","29043",6.19444444458333,"Christian"
"1656","29047",9.32127192979605,"Clay"
"1658","29051",7.07716049392593,"Cole"
"1660","29055",5.39682539685714,"Crawford"
"1661","29057",5.14814814811111,"Dade"
"1662","29059",4.64444444433333,"Dallas"
"1663","29061",5.500000000125,"Daviess"
"1664","29063",5.5833333333,"DeKalb"
"1667","29069",7.04545454536364,"Dunklin"
"1668","29071",6.35897435884615,"Franklin"
"1671","29077",7.98303393217365,"Greene"
"1675","29085",4.20370370366667,"Hickory"
"1678","29091",6.203125,"Howell"
"1680","29095",11.5217925107366,"Jackson"
"1682","29097",7.76773049644681,"Jasper"
"1683","29099",7.10206718344186,"Jefferson"
"1687","29107",6.29444444456667,"Lafayette"
"1688","29109",6.67741935490323,"Lawrence"
"1690","29113",5.76282051288462,"Lincoln"
"1691","29115",5.979166667,"Linn"
"1692","29117",6.34848484827273,"Livingston"
"1693","29119",4.88235294117647,"McDonald"
"1696","29125",4.07142857157143,"Maries"
"1698","29129",5.04166666675,"Mercer"
"1701","29135",5.93055555566667,"Moniteau"
"1704","29141",5.39215686270588,"Morgan"
"1706","29145",6.12222222237778,"Newton"
"1707","29147",6.83333333338889,"Nodaway"
"1708","29149",4.5000000001,"Oregon"
"1709","29151",4.60606060609091,"Osage"
"1710","29153",4.7833333333,"Ozark"
"1711","29155",7.00877192963158,"Pemiscot"
"1712","29157",6.3854166663125,"Perry"
"1713","29159",7.41666666671053,"Pettis"
"1714","29161",6.29729729751351,"Phelps"
"1715","29163",6.26470588194118,"Pike"
"1716","29165",7.96825396823809,"Platte"
"1718","29169",5.78160919537931,"Pulaski"
"1720","29173",5.37037037044444,"Ralls"
"1721","29175",6.75396825371429,"Randolph"
"1722","29177",5.09803921570588,"Ray"
"1723","29179",4.83333333333333,"Reynolds"
"1724","29181",4.29761904757143,"Ripley"
"1725","29183",7.93055555560714,"St. Charles"
"1727","29185",4.72222222222222,"St. Clair"
"1728","29187",5.18888888886667,"St. Francois"
"1730","29189",11.2174855493483,"St. Louis"
"1731","29195",6.79861111145833,"Saline"
"1732","29197",5.2666666668,"Schuyler"
"1733","29199",4.85714285714286,"Scotland"
"1734","29201",7.38095238102857,"Scott"
"1735","29203",4.750000000125,"Shannon"
"1736","29205",6.64285714271429,"Shelby"
"1737","29207",6.22435897446154,"Stoddard"
"1738","29209",5.368055555625,"Stone"
"1739","29211",5.04166666625,"Sullivan"
"1740","29213",6.50980392167647,"Taney"
"1741","29215",4.87878787877273,"Texas"
"1743","29219",5.99999999989474,"Warren"
"1744","29221",5.09649122805263,"Washington"
"1745","29223",4.1555555556,"Wayne"
"1746","29225",5.65942028982609,"Webster"
"1748","29229",5.48245614047368,"Wright"
"1749","29510",13.9782407406972,"St. Louis"
"1750","30001",7,"Beaverhead"
"1751","30003",5.33333333372727,"Big Horn"
"1752","30005",5.25,"Blaine"
"1753","30007",6.333333333,"Broadwater"
"1754","30009",6.07575757545455,"Carbon"
"1755","30011",5.166666667,"Carter"
"1756","30013",8.11111111143055,"Cascade"
"1757","30015",5.52777777783333,"Chouteau"
"1759","30019",4.666666667,"Daniels"
"1760","30021",7.62121212090909,"Dawson"
"1761","30023",7.01515151490909,"Deer Lodge"
"1762","30025",6.94444444433333,"Fallon"
"1763","30027",7.083333334,"Fergus"
"1764","30029",7.28571428568571,"Flathead"
"1765","30031",10.6083333338333,"Gallatin"
"1766","30033",6.666666667,"Garfield"
"1767","30035",4.07407407411111,"Glacier"
"1769","30037",5.833333333,"Golden Valley"
"1771","30041",7.18421052668421,"Hill"
"1773","30045",5.3333333335,"Judith Basin"
"1774","30047",5.53333333328,"Lake"
"1775","30049",7.82026143821569,"Lewis and Clark"
"1776","30051",5.4166666665,"Liberty"
"1777","30053",7.05882352958823,"Lincoln"
"1779","30057",5.35714285728571,"Madison"
"1780","30059",5.3333333335,"Meagher"
"1782","30063",11.9627192984342,"Missoula"
"1783","30065",5.6666666668,"Musselshell"
"1784","30067",8.2291666660625,"Park"
"1786","30069",5,"Petroleum"
"1787","30071",7.37500000075,"Phillips"
"1789","30075",5,"Powder River"
"1790","30077",6.541666666625,"Powell"
"1791","30079",6.166666667,"Prairie"
"1792","30081",5.79569892464516,"Ravalli"
"1793","30083",7.29166666675,"Richland"
"1794","30085",6.36363636372727,"Roosevelt"
"1795","30087",6.895833333,"Rosebud"
"1796","30089",5.9500000001,"Sanders"
"1797","30091",5.6333333334,"Sheridan"
"1798","30093",13.6936936942432,"Silver Bow"
"1801","30099",6,"Teton"
"1802","30101",7.28571428557143,"Toole"
"1805","30105",7.020833333375,"Valley"
"1806","30107",6.5,"Wheatland"
"1807","30109",6.5,"Wibaux"
"1808","30111",8.0386904761875,"Yellowstone"
"1830","31043",11.5128205143846,"Dakota"
"1836","31055",11.835345405827,"Douglas"
"1838","31059",7.5333333342,"Fillmore"
"1848","31079",8.28723404261702,"Hall"
"1859","31101",7.55555555633333,"Keith"
"1863","31109",13.282499999835,"Lancaster"
"1886","31153",8.10583941607299,"Sarpy"
"1896","31173",6.111111111,"Thurston"
"1898","31177",5.78703703694444,"Washington"
"1904","32003",11.9576249355611,"Clark"
"1905","32005",6.61290322580645,"Douglas"
"1909","32011",4.5,"Eureka"
"1910","32013",6.023809524,"Humboldt"
"1911","32015",6.3333333334,"Lander"
"1918","32031",10.278322440183,"Washoe"
"1921","32510",9.98412698414286,"Carson City"
"1928","33011",7.65365551420818,"Hillsborough"
"1930","33013",6.78217821783168,"Merrimack"
"1931","33015",7.03425925925556,"Rockingham"
"1933","33017",6.91991341998701,"Strafford"
"1935","34001",12.255494505478,"Atlantic"
"1937","34003",13.5151706700051,"Bergen"
"1938","34005",9.82671480133935,"Burlington"
"1940","34007",12.8215532285785,"Camden"
"1941","34009",11.2981481484778,"Cape May"
"1943","34011",8.78451178442424,"Cumberland"
"1945","34013",13.3452914797892,"Essex"
"1947","34015",10.7722513089058,"Gloucester"
"1948","34017",14.3918918921036,"Hudson"
"1950","34019",6.83333333335443,"Hunterdon"
"1951","34021",12.3298898071777,"Mercer"
"1952","34023",11.8677501593614,"Middlesex"
"1953","34025",11.3703703703098,"Monmouth"
"1955","34027",9.98700564977288,"Morris"
"1956","34029",8.69777777787733,"Ocean"
"1958","34031",13.5232876712082,"Passaic"
"1959","34033",9.62925170055102,"Salem"
"1961","34035",9.01473296486188,"Somerset"
"1962","34037",6.48148148153704,"Sussex"
"1963","34039",13.1139088728633,"Union"
"1964","34041",8.50210970479747,"Warren"
"1965","35001",12.4506880734335,"Bernalillo"
"1967","35005",7.90384615403846,"Chaves"
"1968","35006",3.76190476171429,"Cibola"
"1969","35007",6.41666666671429,"Colfax"
"1971","35009",7.8416666665,"Curry"
"1973","35013",7.40310077525581,"Do√±a Ana"
"1974","35015",7.73863636375,"Eddy"
"1977","35021",6.333333333,"Harding"
"1979","35025",7.51666666663333,"Lea"
"1980","35028",6.72580645148387,"Los Alamos"
"1981","35029",7.56862745152941,"Luna"
"1982","35031",5.14423076898077,"McKinley"
"1985","35035",6.38652482291489,"Otero"
"1987","35039",4.8448275862069,"Rio Arriba"
"1988","35041",6.69607843117647,"Roosevelt"
"1989","35043",7.71296296305556,"Sandoval"
"1990","35045",7.73711340198969,"San Juan"
"1992","35049",9.26567656746535,"Santa Fe"
"1995","35053",1,"Socorro"
"1997","35055",6.6875000005,"Taos"
"2001","35061",4.166666667,"Valencia"
"2003","36001",11.4049645391872,"Albany"
"2004","36003",1,"Allegany"
"2006","36005",12.9080011553891,"Bronx"
"2007","36007",7.09558823530882,"Broome"
"2008","36009",4.96296296288889,"Cattaraugus"
"2010","36011",7.83555555536,"Cayuga"
"2012","36013",7.09641873276033,"Chautauqua"
"2014","36015",7.01149425272414,"Chemung"
"2016","36019",5.59523809525974,"Clinton"
"2017","36021",6.12295081977049,"Columbia"
"2020","36027",7.02284946239919,"Dutchess"
"2021","36029",11.6306769494756,"Erie"
"2024","36033",4.583333333,"Franklin"
"2027","36037",3.666666667,"Genesee"
"2029","36039",5.57751938,"Greene"
"2031","36043",5.78225806453226,"Herkimer"
"2032","36045",6.03191489359574,"Jefferson"
"2034","36047",13.5336692258752,"Kings"
"2037","36051",7.62592592613333,"Livingston"
"2038","36053",6.02482269512766,"Madison"
"2039","36055",11.2425742572838,"Monroe"
"2041","36057",5.92063492061905,"Montgomery"
"2042","36059",14.1114537444581,"Nassau"
"2044","36061",13.0296296295966,"New York"
"2045","36063",9.6476190476,"Niagara"
"2047","36065",9.81702898542935,"Oneida"
"2049","36067",11.2293859649263,"Onondaga"
"2050","36069",6.21951219514634,"Ontario"
"2051","36071",8.26871980668478,"Orange"
"2052","36073",5.4833333334,"Orleans"
"2054","36075",8.34156378580247,"Oswego"
"2056","36077",5.44047619046429,"Otsego"
"2057","36079",7.14734299510145,"Putnam"
"2058","36081",14.121012416463,"Queens"
"2060","36083",10.121333333344,"Rensselaer"
"2061","36085",13.6780415427033,"Richmond"
"2063","36087",8.98522167476847,"Rockland"
"2064","36089",5.83021806852336,"St. Lawrence"
"2065","36091",7.85851318953957,"Saratoga"
"2066","36093",11.5809178741377,"Schenectady"
"2067","36095",4.58080808072727,"Schoharie"
"2071","36103",8.56028724118838,"Suffolk"
"2074","36107",6.01851851871111,"Tioga"
"2075","36109",6.58854166657813,"Tompkins"
"2077","36113",7.08510638280851,"Warren"
"2078","36115",5.27898550723913,"Washington"
"2079","36117",6.16393442613115,"Wayne"
"2081","36119",12.9291845493233,"Westchester"
"2084","36123",5.57936507947619,"Yates"
"2085","37001",6.77876106195575,"Alamance"
"2086","37003",5.27777777779167,"Alexander"
"2088","37007",5.052631579,"Anson"
"2090","37011",6.6041666665625,"Avery"
"2091","37013",5.92857142865714,"Beaufort"
"2094","37019",6.38389513107865,"Brunswick"
"2096","37021",9.38203463227922,"Buncombe"
"2097","37023",5.35919540225862,"Burke"
"2098","37025",9.10460992941489,"Cabarrus"
"2099","37027",5.77419354840323,"Caldwell"
"2102","37033",3.89814814822222,"Caswell"
"2103","37035",6.38771929822105,"Catawba"
"2104","37037",5.55714285717143,"Chatham"
"2105","37039",5.60317460319048,"Cherokee"
"2106","37041",5.39285714285714,"Chowan"
"2109","37047",4.95390070917021,"Columbus"
"2111","37051",6.73834196890674,"Cumberland"
"2113","37053",5.70238095235714,"Currituck"
"2116","37057",6.0447530865463,"Davidson"
"2117","37059",5.32,"Davie"
"2118","37061",4.77941176476471,"Duplin"
"2119","37063",10.6195175435658,"Durham"
"2121","37065",7.82624113474468,"Edgecombe"
"2122","37067",7.08641975311934,"Forsyth"
"2123","37069",5.25000000003333,"Franklin"
"2124","37071",6.68015414260116,"Gaston"
"2126","37075",4.5833333335,"Graham"
"2129","37081",7.92840778923368,"Guilford"
"2131","37083",5.93790849684314,"Halifax"
"2132","37085",5.69672131139344,"Harnett"
"2133","37087",6.37234042544681,"Haywood"
"2135","37089",6.90610328629577,"Henderson"
"2139","37095",5.75,"Hyde"
"2141","37097",5.96874999994643,"Iredell"
"2142","37099",5.88888888866667,"Jackson"
"2144","37101",5.77380952377381,"Johnston"
"2145","37103",4.380952381,"Jones"
"2146","37105",6.04504504508108,"Lee"
"2147","37107",6.40070921991489,"Lenoir"
"2148","37109",5.48666666672,"Lincoln"
"2151","37115",4.8854166666875,"Madison"
"2153","37119",10.950181159462,"Mecklenburg"
"2158","37127",8.45384615355385,"Nash"
"2159","37129",11.2005649715678,"New Hanover"
"2161","37131",3.94696969704545,"Northampton"
"2162","37133",5.93333333335789,"Onslow"
"2164","37135",9.84888888873333,"Orange"
"2167","37141",5.79032258067742,"Pender"
"2169","37143",4.13888888891667,"Perquimans"
"2170","37145",5.51282051269231,"Person"
"2171","37147",7.04687500005208,"Pitt"
"2172","37149",5.66666666658333,"Polk"
"2173","37151",5.57945736424419,"Randolph"
"2176","37157",5.41304347830435,"Rockingham"
"2177","37159",6.40602836885106,"Rowan"
"2180","37165",5.99382716059259,"Scotland"
"2181","37167",6.17391304345652,"Stanly"
"2182","37169",4.68279569893548,"Stokes"
"2183","37171",5.74858757064407,"Surry"
"2184","37173",4.94444444433333,"Swain"
"2188","37179",6.21359223307767,"Union"
"2190","37183",10.3211920531523,"Wake"
"2194","37189",7.00000000006452,"Watauga"
"2195","37191",5.76666666665333,"Wayne"
"2197","37195",6.75757575745455,"Wilson"
"2198","37197",5.10119047614286,"Yadkin"
"2202","38005",3.91666666675,"Benson"
"2208","38015",8.12727272707273,"Burleigh"
"2209","38017",12.2916666666771,"Cass"
"2218","38035",12.6975308647222,"Grand Forks"
"2227","38053",6,"McKenzie"
"2231","38059",7.3166666666,"Morton"
"2232","38061",7.05555555533333,"Mountrail"
"2242","38079",5.2333333332,"Rolette"
"2246","38085",4.5833333335,"Sioux"
"2254","38101",7.86000000002,"Ward"
"2257","39001",5.09090909104545,"Adams"
"2258","39003",6.94746376815217,"Allen"
"2260","39007",6.19175627232258,"Ashtabula"
"2263","39011",6.55691056897561,"Auglaize"
"2264","39013",7.04166666666176,"Belmont"
"2266","39017",9.00624219704494,"Butler"
"2267","39019",5.4533333334,"Carroll"
"2268","39021",5.08333333317647,"Champaign"
"2269","39023",6.59803921570588,"Clark"
"2270","39025",6.45056497166949,"Clermont"
"2275","39035",11.9520725388497,"Cuyahoga"
"2277","39037",5.95833333303846,"Darke"
"2279","39041",7.374999999875,"Delaware"
"2280","39043",9.65217391315942,"Erie"
"2282","39045",6.54255319174468,"Fairfield"
"2283","39047",5.93589743596154,"Fayette"
"2284","39049",11.5615124153442,"Franklin"
"2286","39051",5.9086021503871,"Fulton"
"2288","39055",5.68717948718462,"Geauga"
"2289","39057",7.01785714296429,"Greene"
"2291","39061",11.3345289334735,"Hamilton"
"2292","39063",7.2688172043871,"Hancock"
"2293","39065",5.99404761925,"Hardin"
"2295","39069",5.90740740766667,"Henry"
"2299","39077",6.04861111114583,"Huron"
"2301","39081",6.46268656707463,"Jefferson"
"2302","39083",6.35869565228261,"Knox"
"2303","39085",11.1753246751623,"Lake"
"2305","39087",6.53216374242105,"Lawrence"
"2306","39089",6.51636904751786,"Licking"
"2307","39091",6.12820512807692,"Logan"
"2308","39093",6.82918739632836,"Lorain"
"2310","39095",11.8543240975315,"Lucas"
"2312","39097",5.13690476189286,"Madison"
"2313","39099",6.72916666666204,"Mahoning"
"2314","39101",6.27485380114035,"Marion"
"2315","39103",6.87121212131818,"Medina"
"2318","39109",6.87403100767442,"Miami"
"2320","39113",11.5628480508186,"Montgomery"
"2324","39119",6.37777777762667,"Muskingum"
"2326","39123",6.22093023255814,"Ottawa"
"2329","39129",5.98611111105556,"Pickaway"
"2331","39133",6.47359735968317,"Portage"
"2332","39135",5.52450980391176,"Preble"
"2333","39137",6.03703703714815,"Putnam"
"2334","39139",6.43859649126316,"Richland"
"2337","39145",5.94977168957534,"Scioto"
"2340","39151",7.60326086952899,"Stark"
"2341","39153",7.67846607677876,"Summit"
"2342","39155",6.46286701218135,"Trumbull"
"2343","39157",7.63636363638961,"Tuscarawas"
"2344","39159",5.39999999986667,"Union"
"2345","39161",6.17857142857143,"Van Wert"
"2347","39165",7.06172839505556,"Warren"
"2348","39167",5.92198581548936,"Washington"
"2349","39169",6.39430894310976,"Wayne"
"2352","39173",6.92592592612222,"Wood"
"2353","39175",5.99242424254545,"Wyandot"
"2354","40001",4.12962962961111,"Adair"
"2356","40005",4.73611111141667,"Atoka"
"2360","40013",5.99462365596774,"Bryan"
"2361","40015",5.91071428546429,"Caddo"
"2362","40017",6.95940170944872,"Canadian"
"2363","40019",7.8492063492381,"Carter"
"2367","40027",9.19075144524277,"Cleveland"
"2368","40029",4.49999999983333,"Coal"
"2369","40031",7.41468253975,"Comanche"
"2370","40033",4.9166666665,"Cotton"
"2371","40035",6.32051282023077,"Craig"
"2372","40037",5.97163120557447,"Creek"
"2374","40041",5.83974359,"Delaware"
"2378","40047",7.72826086976087,"Garfield"
"2379","40049",6.19871794842308,"Garvin"
"2380","40051",6.33333333333333,"Grady"
"2385","40061",4.78787878781818,"Haskell"
"2386","40063",6.17857142864286,"Hughes"
"2388","40067",6.27777777783333,"Jefferson"
"2389","40069",4.33333333333333,"Johnston"
"2390","40071",7.55263157915789,"Kay"
"2393","40077",4.645833333375,"Latimer"
"2394","40079",5.41452991451282,"Le Flore"
"2396","40083",5.421874999875,"Logan"
"2397","40085",4.69047619057143,"Love"
"2398","40087",6.53333333335,"McClain"
"2399","40089",5.6145833333125,"McCurtain"
"2400","40091",4.99166666635,"McIntosh"
"2402","40095",5.13636363636364,"Marshall"
"2403","40097",5.84895833321875,"Mayes"
"2404","40099",7.095238095,"Murray"
"2405","40101",7.10928961755738,"Muskogee"
"2407","40105",5.18055555558333,"Nowata"
"2408","40107",5.20833333341667,"Okfuskee"
"2409","40109",10.757690368174,"Oklahoma"
"2410","40111",6.40952380968571,"Okmulgee"
"2411","40113",6.17142857171429,"Osage"
"2412","40115",6.78735632165517,"Ottawa"
"2414","40119",7.57407407431482,"Payne"
"2415","40121",6.23809523802381,"Pittsburg"
"2416","40123",7.00520833346875,"Pontotoc"
"2417","40125",6.90566037728302,"Pottawatomie"
"2418","40127",4.75925925933333,"Pushmataha"
"2420","40131",5.90277777779167,"Rogers"
"2421","40133",6.04320987655556,"Seminole"
"2422","40135",6.20512820511538,"Sequoyah"
"2423","40137",6.73333333342857,"Stephens"
"2425","40141",6.5333333341,"Tillman"
"2426","40143",11.3520686965386,"Tulsa"
"2427","40145",5.35317460316667,"Wagoner"
"2428","40147",6.99224806225581,"Washington"
"2433","41003",11.6885245902787,"Benton"
"2434","41005",11.025462962875,"Clackamas"
"2438","41011",9.41798941777778,"Coos"
"2442","41017",9.38039215662353,"Deschutes"
"2443","41019",8.91071428553571,"Douglas"
"2449","41029",10.2624671916299,"Jackson"
"2450","41031",5.1666666665,"Jefferson"
"2452","41033",8.49074074105556,"Josephine"
"2455","41039",11.1342412451089,"Lane"
"2458","41043",9.01960784309412,"Linn"
"2459","41045",1,"Malheur"
"2461","41047",11.8645833330677,"Marion"
"2463","41051",15.4237179487346,"Multnomah"
"2465","41053",9.74390243897561,"Polk"
"2468","41059",8.3333333335,"Umatilla"
"2473","41067",12.6419141911452,"Washington"
"2475","41071",10.4320987652593,"Yamhill"
"2476","42001",7.52678571408929,"Adams"
"2477","42003",12.7137814610672,"Allegheny"
"2480","42007",9.0646766168209,"Beaver"
"2482","42011",7.90628930821509,"Berks"
"2483","42013",8.21091445452212,"Blair"
"2485","42017",9.94166666662632,"Bucks"
"2487","42019",6.83750000019167,"Butler"
"2488","42021",7.77160493831852,"Cambria"
"2490","42025",6.62418300631373,"Carbon"
"2491","42027",10.7789115645612,"Centre"
"2493","42029",9.11320754723774,"Chester"
"2494","42031",6.91203703727778,"Clarion"
"2495","42033",6.90256410236923,"Clearfield"
"2496","42035",7.0540540547027,"Clinton"
"2497","42037",7.09696969683636,"Columbia"
"2498","42039",5.96825396821429,"Crawford"
"2499","42041",10.7628635347785,"Cumberland"
"2501","42043",11.9412280701053,"Dauphin"
"2502","42045",13.3344801224839,"Delaware"
"2505","42049",11.1111111109481,"Erie"
"2507","42051",6.86564625827551,"Fayette"
"2508","42053",5.083333333375,"Forest"
"2509","42055",6.66479400759551,"Franklin"
"2515","42067",5.50000000021053,"Juniata"
"2516","42069",8.3618784531105,"Lackawanna"
"2517","42071",7.42944785269939,"Lancaster"
"2518","42073",6.86580086572727,"Lawrence"
"2519","42075",8.25882352927059,"Lebanon"
"2520","42077",12.6612466123333,"Lehigh"
"2521","42079",7.69799054374823,"Luzerne"
"2523","42081",7.63569321528319,"Lycoming"
"2524","42083",6.35294117629412,"McKean"
"2525","42085",6.78378378379279,"Mercer"
"2527","42089",7.26595744662766,"Monroe"
"2528","42091",11.7568452380482,"Montgomery"
"2529","42093",7.10256410253846,"Montour"
"2530","42095",11.9892739272426,"Northampton"
"2531","42097",7.92391304341304,"Northumberland"
"2532","42099",5.73809523791429,"Perry"
"2533","42101",14.8576100628725,"Philadelphia"
"2537","42107",7.35555555542222,"Schuylkill"
"2538","42109",6.54597701158621,"Snyder"
"2540","42111",6.22916666677778,"Somerset"
"2542","42115",5.82083333325,"Susquehanna"
"2544","42119",7.42000000032,"Union"
"2546","42121",6.33333333352941,"Venango"
"2548","42125",7.16564417156442,"Washington"
"2550","42129",7.68907563027731,"Westmoreland"
"2551","42131",5.50757575740909,"Wyoming"
"2552","42133",9.56314699805901,"York"
"2553","44001",11.7763157887632,"Bristol"
"2554","44003",12.1735537189421,"Kent"
"2556","44005",11.5628415298361,"Newport"
"2558","44007",13.6432865731784,"Providence"
"2559","44009",8.79347826073913,"Washington"
"2562","45003",5.85377358483019,"Aiken"
"2565","45007",6.34266666676,"Anderson"
"2568","45013",6.80480480482883,"Beaufort"
"2570","45015",6.23063973059596,"Berkeley"
"2573","45019",11.143874644047,"Charleston"
"2576","45023",5.09677419358064,"Chester"
"2580","45031",5.77272727269091,"Darlington"
"2582","45035",6.97512437814925,"Dorchester"
"2585","45041",6.22484276723585,"Florence"
"2587","45043",6.47037037037778,"Georgetown"
"2589","45045",9.32091503277255,"Greenville"
"2591","45049",4.90625,"Hampton"
"2592","45051",6.86507936521088,"Horry"
"2596","45057",5.80072463773913,"Lancaster"
"2597","45059",5.08908045967241,"Laurens"
"2598","45061",3.81372549023529,"Lee"
"2599","45063",7.40890269157764,"Lexington"
"2601","45065",4.72916666675,"McCormick"
"2605","45073",6.02564102551923,"Oconee"
"2606","45075",5.59909909917568,"Orangeburg"
"2607","45077",6.97222222227778,"Pickens"
"2608","45079",10.6079234972459,"Richland"
"2611","45083",6.32307692297949,"Spartanburg"
"2612","45085",6.47303921585294,"Sumter"
"2613","45087",4.9320987652963,"Union"
"2615","45091",6.92507645276147,"York"
"2618","46007",6,"Bennett"
"2623","46017",5.25,"Buffalo"
"2626","46023",6.38888888883333,"Charles Mix"
"2631","46031",4,"Corson"
"2636","46041",5.3666666668,"Dewey"
"2651","46071",2.916666667,"Jackson"
"2654","46075",7.166666667,"Jones"
"2658","46083",7.19444444446667,"Lincoln"
"2659","46085",5.5,"Lyman"
"2664","46093",6.08823529435294,"Meade"
"2665","46095",4.25,"Mellette"
"2667","46099",11.6694444446,"Minnehaha"
"2668","46102",5.916666666,"Oglala Lakota"
"2669","46103",7.95522388074627,"Pennington"
"2671","46107",8,"Potter"
"2672","46109",6.0166666667,"Roberts"
"2676","46115",5.69047619057143,"Spink"
"2679","46121",3.33333333342857,"Todd"
"2682","46127",6.53703703711111,"Union"
"2685","46137",4.75,"Ziebach"
"2686","47001",5.33333333336538,"Anderson"
"2691","47009",5.83771929828947,"Blount"
"2693","47011",6.45757575778182,"Bradley"
"2697","47019",4.59210526331579,"Carter"
"2698","47021",4.82539682542857,"Cheatham"
"2702","47029",4.85897435907692,"Cocke"
"2707","47037",10.7324840765117,"Davidson"
"2710","47041",4.83333333346154,"DeKalb"
"2711","47043",5.77777777803333,"Dickson"
"2713","47047",4.36868686860606,"Fayette"
"2717","47055",5.36842105231579,"Giles"
"2718","47057",4.14583333325,"Grainger"
"2719","47059",4.6527777779375,"Greene"
"2721","47063",5.8928571427381,"Hamblen"
"2722","47065",8.12244897965714,"Hamilton"
"2726","47071",5.32456140347368,"Hardin"
"2727","47073",4.70833333322222,"Hawkins"
"2728","47075",4.9555555556,"Haywood"
"2732","47083",4.83333333328571,"Houston"
"2733","47085",5.208333333375,"Humphreys"
"2735","47089",5.89062500009375,"Jefferson"
"2737","47093",8.97933884289256,"Knox"
"2739","47097",4.27083333329167,"Lauderdale"
"2743","47105",5.84946236548387,"Loudon"
"2745","47109",4.350877193,"McNairy"
"2747","47113",6.17619047624286,"Madison"
"2748","47115",4.85087719294737,"Marion"
"2750","47119",6.2800000001,"Maury"
"2752","47123",5.06547619042857,"Monroe"
"2753","47125",6.04960317466667,"Montgomery"
"2755","47127",4,"Moore"
"2756","47129",3.44444444446667,"Morgan"
"2759","47135",4.16666666685714,"Perry"
"2760","47137",5.0666666668,"Pickett"
"2762","47141",6.14227642273171,"Putnam"
"2764","47145",5.12916666685,"Roane"
"2766","47147",5.56372549029412,"Robertson"
"2767","47149",6.58130081305691,"Rutherford"
"2769","47153",5.437500000125,"Sequatchie"
"2770","47155",6.03875968993023,"Sevier"
"2772","47157",10.9943910257163,"Shelby"
"2775","47161",4.42592592588889,"Stewart"
"2777","47163",6.86936936954054,"Sullivan"
"2778","47165",5.88475177310638,"Sumner"
"2779","47167",4.85714285705714,"Tipton"
"2780","47169",5.5666666668,"Trousdale"
"2781","47171",6.4047619045,"Unicoi"
"2782","47173",4.34523809521429,"Union"
"2783","47175",3.99999999975,"Van Buren"
"2784","47177",5.36419753092593,"Warren"
"2785","47179",6.58119658103846,"Washington"
"2788","47185",4.46078431370588,"White"
"2789","47187",7.45061728388889,"Williamson"
"2790","47189",5.92622950814754,"Wilson"
"2793","48005",6.35256410255769,"Angelina"
"2795","48009",5.33333333377778,"Archer"
"2798","48015",5.67499999995,"Austin"
"2800","48019",5.38888888883333,"Bandera"
"2804","48027",7.36185383245989,"Bell"
"2806","48029",11.5007730364425,"Bexar"
"2811","48037",6.72297297298649,"Bowie"
"2812","48039",6.32862523549153,"Brazoria"
"2814","48041",7.4387464388547,"Brazos"
"2823","48057",7.21568627429412,"Calhoun"
"2825","48059",5.65277777775,"Callahan"
"2826","48061",7.05255255260811,"Cameron"
"2832","48071",5.55263157889474,"Chambers"
"2836","48077",4.772727273,"Clay"
"2840","48085",9.85976039458139,"Collin"
"2842","48089",6.509259259,"Colorado"
"2843","48091",7.02604166671875,"Comal"
"2846","48097",6.5722222222,"Cooke"
"2847","48099",5.87943262417021,"Coryell"
"2855","48113",11.9026194760984,"Dallas"
"2860","48121",9.52557319221164,"Denton"
"2867","48135",7.6345565750367,"Ector"
"2869","48139",6.07801418421277,"Ellis"
"2870","48141",11.583658854209,"El Paso"
"2873","48145",5.96153846153846,"Falls"
"2879","48157",7.96889952161722,"Fort Bend"
"2881","48161",6.23076923061539,"Freestone"
"2884","48167",7.91450777198964,"Galveston"
"2890","48177",6.3437500004375,"Gonzales"
"2892","48181",6.37862318845652,"Grayson"
"2893","48183",7.59219858143617,"Gregg"
"2895","48185",5.00000000005556,"Grimes"
"2896","48187",6.34684684674324,"Guadalupe"
"2902","48199",5.27027027032432,"Hardin"
"2903","48201",11.4357298474953,"Harris"
"2905","48203",5.82051282059615,"Harrison"
"2908","48209",6.70000000005,"Hays"
"2911","48215",7.18491124262722,"Hidalgo"
"2915","48221",6.12777777793333,"Hood"
"2927","48245",7.39430894306341,"Jefferson"
"2931","48251",6.09965635742268,"Johnson"
"2932","48253",5.697916666625,"Jones"
"2934","48257",7.12994350271186,"Kaufman"
"2942","48273",7.75757575777273,"Kleberg"
"2945","48277",6.43421052644737,"Lamar"
"2949","48285",6.39814814855556,"Lavaca"
"2950","48287",4.66666666669231,"Lee"
"2952","48291",5.10457516352941,"Liberty"
"2958","48303",8.20197044335961,"Lubbock"
"2962","48309",7.02439024382317,"McLennan"
"2965","48313",4.81818181818182,"Madison"
"2969","48321",6.7238095236,"Matagorda"
"2972","48325",5.81410256411538,"Medina"
"2974","48329",8.29340277779167,"Midland"
"2980","48339",6.65053763451613,"Montgomery"
"2988","48355",11.7937499997375,"Nueces"
"2992","48361",5.95641025646154,"Orange"
"2993","48363",6.98611111120833,"Palo Pinto"
"2995","48367",5.74848484843636,"Parker"
"2998","48373",5.69892473116129,"Polk"
"2999","48375",11.6510416664896,"Potter"
"3003","48381",10.4496527778125,"Randall"
"3011","48397",8.0944444442,"Rockwall"
"3016","48407",3.4666666666,"San Jacinto"
"3017","48409",7.07037037028889,"San Patricio"
"3024","48423",7.19767441871318,"Smith"
"3026","48425",6.466666666,"Somervell"
"3033","48439",9.58956916107058,"Tarrant"
"3035","48441",7.74057971016522,"Taylor"
"3041","48451",7.72048611101042,"Tom Green"
"3043","48453",11.5247553253869,"Travis"
"3052","48469",7.3645833331875,"Victoria"
"3054","48471",5.52631578947368,"Walker"
"3055","48473",5.52631578963158,"Waller"
"3057","48477",6.972222222375,"Washington"
"3058","48479",8.36428571412857,"Webb"
"3060","48481",6.80952380951429,"Wharton"
"3062","48485",7.54444444425714,"Wichita"
"3066","48491",7.60836762688889,"Williamson"
"3067","48493",4.35632183910345,"Wilson"
"3069","48497",5.61904761905714,"Wise"
"3075","49001",7.52777777716667,"Beaver"
"3077","49005",7.52850877178947,"Cache"
"3079","49007",7.03571428521429,"Carbon"
"3081","49011",11.5075268816903,"Davis"
"3082","49013",5.98611111075,"Duchesne"
"3084","49017",7.2083333325,"Garfield"
"3085","49019",7.738095238,"Grand"
"3086","49021",7.91358024703704,"Iron"
"3087","49023",7.547619047,"Juab"
"3088","49025",6.23809523757143,"Kane"
"3093","49035",13.3535188216154,"Salt Lake"
"3095","49037",3.04166666675,"San Juan"
"3100","49045",9.32795698925806,"Tooele"
"3102","49047",4.4,"Uintah"
"3104","49049",10.8842054264302,"Utah"
"3106","49051",5.95833333325,"Wasatch"
"3108","49053",7.90643274840351,"Washington"
"3110","49057",11.4632183907034,"Weber"
"3114","50007",10.7340067341717,"Chittenden"
"3117","50011",8.00450450451351,"Franklin"
"3118","50013",6.125,"Grand Isle"
"3126","51001",5.36781609189655,"Accomack"
"3128","51003",7.96969696951515,"Albemarle"
"3129","51005",6.95555555553333,"Alleghany"
"3130","51007",3.92592592577778,"Amelia"
"3131","51009",6.42857142890476,"Amherst"
"3132","51011",4.7222222225,"Appomattox"
"3133","51013",14.186219739067,"Arlington"
"3135","51015",4.50641025640385,"Augusta"
"3136","51017",4.2,"Bath"
"3137","51019",4.75193798434884,"Bedford"
"3138","51021",3.9166666665,"Bland"
"3139","51023",5.104166666625,"Botetourt"
"3140","51025",4.41111111113333,"Brunswick"
"3141","51027",4.47916666675,"Buchanan"
"3142","51029",4.25757575754545,"Buckingham"
"3143","51031",6.49999999983784,"Campbell"
"3144","51033",4.72222222211111,"Caroline"
"3145","51035",4.62121212118182,"Carroll"
"3146","51036",4.472222222,"Charles City"
"3147","51037",4.3166666667,"Charlotte"
"3148","51041",7.07142857135714,"Chesterfield"
"3149","51043",5.66666666672727,"Clarke"
"3150","51045",5.05555555566667,"Craig"
"3151","51047",6.09999999995,"Culpeper"
"3152","51049",4.2291666665,"Cumberland"
"3153","51051",4.6249999999375,"Dickenson"
"3154","51053",4.61403508773684,"Dinwiddie"
"3157","51059",11.87254901963,"Fairfax"
"3159","51061",6.11574074072222,"Fauquier"
"3160","51063",5.354166666625,"Floyd"
"3161","51065",5.10256410253846,"Fluvanna"
"3162","51067",5.03645833334375,"Franklin"
"3163","51069",5.26086956517391,"Frederick"
"3164","51071",5.78888888906667,"Giles"
"3165","51073",6.00694444445833,"Gloucester"
"3166","51075",4.86904761892857,"Goochland"
"3167","51077",4.39215686276471,"Grayson"
"3168","51079",5.3333333333,"Greene"
"3169","51081",3.97222222216667,"Greensville"
"3170","51083",4.46236559129032,"Halifax"
"3171","51085",6.12727272721818,"Hanover"
"3172","51087",9.51078431381765,"Henrico"
"3174","51089",5.17886178863415,"Henry"
"3176","51093",5.40972222245833,"Isle of Wight"
"3177","51095",6.92592592588889,"James City"
"3179","51099",5.28787878790909,"King George"
"3181","51103",5.95833333333333,"Lancaster"
"3184","51107",7.86522633732099,"Loudoun"
"3187","51111",4.925925926,"Lunenburg"
"3188","51113",5.00000000014286,"Madison"
"3190","51117",5.88095238096429,"Mecklenburg"
"3192","51121",9.56609195382759,"Montgomery"
"3194","51127",5.5333333334,"New Kent"
"3195","51131",6.06944444433333,"Northampton"
"3197","51133",5.63888888891667,"Northumberland"
"3199","51135",5.49999999993333,"Nottoway"
"3201","51137",5.3125000001875,"Orange"
"3202","51139",5.26984126985714,"Page"
"3203","51141",4.42156862747059,"Patrick"
"3204","51143",4.01893939395455,"Pittsylvania"
"3205","51145",5.24999999992857,"Powhatan"
"3206","51147",5.32142857142857,"Prince Edward"
"3207","51149",5.1428571427619,"Prince George"
"3208","51153",8.63682678328384,"Prince William"
"3210","51155",5.9333333332,"Pulaski"
"3213","51159",4.8055555555,"Richmond"
"3214","51161",7.28086419796296,"Roanoke"
"3215","51163",4.70370370383333,"Rockbridge"
"3216","51165",4.82269503555319,"Rockingham"
"3217","51167",4.37500000014286,"Russell"
"3218","51169",4.15,"Scott"
"3219","51171",5.19871794865385,"Shenandoah"
"3220","51173",5.22619047632143,"Smyth"
"3221","51175",3.8333333334,"Southampton"
"3222","51177",6.12676056338028,"Spotsylvania"
"3223","51179",6.35215053772581,"Stafford"
"3224","51181",3.07142857157143,"Surry"
"3225","51183",5.24242424236364,"Sussex"
"3226","51185",5.537037037,"Tazewell"
"3227","51187",6.90740740748148,"Warren"
"3228","51191",5.19523809522857,"Washington"
"3229","51193",5.7500000001875,"Westmoreland"
"3230","51195",5.511904762,"Wise"
"3231","51197",5.986111111125,"Wythe"
"3232","51199",6.358333333425,"York"
"3234","51510",14.5110062893113,"Alexandria"
"3236","51520",8.85897435876923,"Bristol"
"3237","51530",12.0000000011667,"Buena Vista"
"3238","51540",14.2387387388378,"Charlottesville"
"3239","51550",9.54508196730328,"Chesapeake"
"3240","51570",8.40909090945454,"Colonial Heights"
"3241","51580",12.9761904771429,"Covington"
"3242","51590",7.62719298218421,"Danville"
"3244","51595",7.88095238085714,"Emporia"
"3245","51600",15.6666666664706,"Fairfax"
"3246","51610",15.81249999875,"Falls Church"
"3247","51620",7.27777777783333,"Franklin"
"3248","51630",9.437500001125,"Fredericksburg"
"3249","51640",8.624999999125,"Galax"
"3250","51650",11.561855670268,"Hampton"
"3252","51660",14.6481481474074,"Harrisonburg"
"3253","51670",7.8541666663125,"Hopewell"
"3255","51678",14.6666666645,"Lexington"
"3256","51680",13.7414965987755,"Lynchburg"
"3257","51683",13.16666666732,"Manassas"
"3258","51685",12.062500001625,"Manassas Park"
"3259","51690",7.06666666646667,"Martinsville"
"3260","51700",10.9685039372283,"Newport News"
"3261","51710",13.2873873873622,"Norfolk"
"3264","51730",7.8035714285,"Petersburg"
"3265","51735",5.7500000001,"Poquoson"
"3267","51740",12.1518987343797,"Portsmouth"
"3269","51750",11.6515151505455,"Radford"
"3270","51760",13.5910973083043,"Richmond"
"3271","51770",13.0043859649605,"Roanoke"
"3272","51775",10.5833333332,"Salem"
"3273","51790",8.5500000003,"Staunton"
"3274","51800",6.01333333325333,"Suffolk"
"3275","51810",10.8626799557973,"Virginia Beach"
"3277","51820",8.07843137252941,"Waynesboro"
"3278","51830",10.4444444444444,"Williamsburg"
"3279","51840",9.65972222291667,"Winchester"
"3282","53005",10.4829683699051,"Benton"
"3284","53009",8.78086419757407,"Clallam"
"3286","53011",10.5827380953143,"Clark"
"3288","53015",8.93820224704494,"Cowlitz"
"3290","53019",6.333333333,"Ferry"
"3292","53021",10.5243055553958,"Franklin"
"3295","53025",6.81521739147826,"Grant"
"3296","53027",10.284153005459,"Grays Harbor"
"3300","53033",12.8835327235876,"King"
"3302","53035",9.17995910020245,"Kitsap"
"3308","53045",11.83333333,"Mason"
"3310","53047",5.47222222216667,"Okanogan"
"3314","53053",10.3675595238125,"Pierce"
"3316","53057",8.04901960717647,"Skagit"
"3319","53061",10.6523046094208,"Snohomish"
"3321","53063",11.8374741200435,"Spokane"
"3322","53065",3.75,"Stevens"
"3324","53067",9.36875000010625,"Thurston"
"3327","53071",8.91472868204651,"Walla Walla"
"3328","53073",7.26960784327451,"Whatcom"
"3329","53075",6.36868686884849,"Whitman"
"3330","53077",7.70581655462416,"Yakima"
"3335","54009",5.96969696986364,"Brooke"
"3336","54011",8.21341463385366,"Cabell"
"3340","54019",5.64957264951282,"Fayette"
"3345","54029",6.20430107509677,"Hancock"
"3347","54033",7.4880952385,"Harrison"
"3350","54039",7.31384015594152,"Kanawha"
"3355","54049",7.00564971776271,"Marion"
"3356","54051",6.62121212124242,"Marshall"
"3358","54055",6.65986394563265,"Mercer"
"3359","54057",6.76666666635,"Mineral"
"3361","54061",7.2716666665,"Monongalia"
"3365","54069",8.25000000008333,"Ohio"
"3370","54079",6.55128205138462,"Putnam"
"3371","54081",6.51169590638596,"Raleigh"
"3375","54089",4.69444444416667,"Summers"
"3380","54099",5.25000000013889,"Wayne"
"3382","54103",6.64814814838889,"Wetzel"
"3383","54105",3.58333333325,"Wirt"
"3384","54107",7.2439613525942,"Wood"
"3385","54109",5.13157894736842,"Wyoming"
"3387","55003",4.166666667,"Ashland"
"3389","55005",6.0916666666,"Barron"
"3391","55009",7.27616279068605,"Brown"
"3394","55015",6.37373737363636,"Calumet"
"3395","55017",6.518115942,"Chippewa"
"3399","55025",11.384199134211,"Dane"
"3402","55029",6.41025641015385,"Door"
"3404","55031",10.9552845523902,"Douglas"
"3407","55035",7.6570048307971,"Eau Claire"
"3408","55037",4.6666666666,"Florence"
"3409","55039",6.97674418622093,"Fond du Lac"
"3413","55047",6.34166666655,"Green Lake"
"3415","55051",6.45238095257143,"Iron"
"3418","55055",7.0287356322931,"Jefferson"
"3419","55057",5.64583333333333,"Juneau"
"3420","55059",8.14173228340158,"Kenosha"
"3423","55063",11.9593023252791,"La Crosse"
"3427","55071",6.84459459456757,"Manitowoc"
"3429","55073",6.707119741,"Marathon"
"3431","55078",4.95098039205882,"Menominee"
"3432","55079",13.6281602489195,"Milwaukee"
"3435","55083",5.43452380946429,"Oconto"
"3438","55087",7.67811704845038,"Outagamie"
"3439","55089",7.40833333356667,"Ozaukee"
"3446","55101",10.849494949303,"Racine"
"3449","55105",10.5536723163898,"Rock"
"3451","55109",6.45289855082609,"St. Croix"
"3452","55111",6.47807017523684,"Sauk"
"3453","55113",5.52777777788889,"Sawyer"
"3454","55115",5.98888888916667,"Shawano"
"3455","55117",7.30845771129851,"Sheboygan"
"3458","55121",6.04545454554545,"Trempealeau"
"3460","55125",5.583333333,"Vilas"
"3462","55127",6.45736434123256,"Walworth"
"3464","55131",6.77309236948193,"Washington"
"3465","55133",8.67558528427425,"Waukesha"
"3466","55135",5.97967479685366,"Waupaca"
"3468","55139",9.7620865140229,"Winnebago"
"3469","55141",7.03935185177778,"Wood"
"3472","56005",7.33333333348,"Campbell"
"3476","56013",6.76344086022581,"Fremont"
"3480","56021",7.88725490180882,"Laramie"
"3483","56025",8.94097222191667,"Natrona"
"3487","56033",7.74603174619048,"Sheridan"
"3488","56035",6.45833333325,"Sublette"
"3492","56043",7.8124999995,"Washakie"
"3502","69110",1,"Saipan"
"3506","72003",3.71428571425,"Aguada"
"3508","72005",4.31060606061364,"Aguadilla"
"3510","72007",3,"Aguas Buenas"
"3511","72009",3.4,"Aibonito"
"3512","72011",3.80952380947619,"A√±asco"
"3514","72013",4.1801801802027,"Arecibo"
"3516","72015",4.89743589738462,"Arroyo"
"3518","72017",4.166666666625,"Barceloneta"
"3521","72021",5.73084886128571,"Bayam√≥n"
"3522","72023",3.5625,"Cabo Rojo"
"3524","72025",4.96264367812069,"Caguas"
"3525","72027",3.45614035089474,"Camuy"
"3527","72029",4.55913978490323,"Can√≥vanas"
"3528","72031",5.4417344173252,"Carolina"
"3530","72033",6.2333333333,"Cata√±o"
"3532","72035",4.51612903216129,"Cayey"
"3533","72037",3.7333333334,"Ceiba"
"3536","72041",3.3194444445,"Cidra"
"3539","72047",3.51666666675,"Corozal"
"3541","72051",4.31578947357895,"Dorado"
"3543","72053",4.87654320981482,"Fajardo"
"3544","72054",3.458333333375,"Florida"
"3546","72057",4.885416666625,"Guayama"
"3548","72059",3.97777777773333,"Guayanilla"
"3550","72061",5.36363636362121,"Guaynabo"
"3551","72063",4.19696969695455,"Gurabo"
"3552","72065",3.60869565217391,"Hatillo"
"3554","72067",4.36363636354545,"Hormigueros"
"3555","72069",4.02777777777778,"Humacao"
"3557","72071",3.87179487173077,"Isabela"
"3560","72075",3.898989899,"Juana D√≠az"
"3562","72077",4.07575757577273,"Juncos"
"3563","72079",3.31372549017647,"Lajas"
"3567","72085",3.68627450982353,"Las Piedras"
"3568","72087",5.106060606,"Lo√≠za"
"3570","72089",3.80952380964286,"Luquillo"
"3572","72091",4.60493827155556,"Manat√≠"
"3576","72097",4.74879227049275,"Mayag√ºez"
"3578","72099",3.40350877205263,"Moca"
"3580","72103",3.11111111106667,"Naguabo"
"3582","72105",3.8888888888,"Naranjito"
"3584","72109",2.99999999992308,"Patillas"
"3586","72111",3.69047619057143,"Pe√±uelas"
"3588","72113",5.1829573934812,"Ponce"
"3590","72115",3.61538461546154,"Quebradillas"
"3593","72119",4.47474747466667,"R√≠o Grande"
"3597","72125",3.49275362317391,"San Germ√°n"
"3598","72127",6.23091247665642,"San Juan"
"3600","72129",3.6031746032381,"San Lorenzo"
"3601","72131",6.666666667,"San Sebasti√°n"
"3604","72135",4.41176470597059,"Toa Alta"
"3605","72137",5.4293785310339,"Toa Baja"
"3607","72139",4.86507936504762,"Trujillo Alto"
"3609","72143",4.01515151509091,"Vega Alta"
"3611","72145",4.45045045043243,"Vega Baja"
"3614","72149",3.25490196070588,"Villalba"
"3616","72153",4.55952380953571,"Yauco"
